DEPARTAMENTO,PROVINCIA,DISTRITO,CENTRO POBLADO,LATITUD,LONGITUD,VIVIENDAS,POBLACI흁
ICA,PALPA,RIO GRANDE,LAS MERCEDES,-14.509072,-75.197498,1,2
ICA,ICA,SAN JOSE DE LOS MOLINOS,EL CARMEN,-13.920403,-75.67297,1,1
ICA,ICA,SANTIAGO,LOS ORE,-14.193853,-75.673188,1,1
ICA,PALPA,PALPA,GRANDE,-14.543387,-75.174692,1,1
ICA,PALPA,TIBILLO,RETIRO,-14.088567,-75.177485,1,1
ICA,PALPA,TIBILLO,CAHUATO,-14.099958,-75.17252,1,1
ICA,ICA,PACHACUTEC,LA GUARDA,-14.14375,-75.660102,0,0
ICA,ICA,PACHACUTEC,PAMPA DE LOS CASTILLOS,-14.248233,-75.645173,0,0
ICA,ICA,SANTIAGO,LOS TRECIENTOS,-14.230178,-75.66165,0,0
JUNIN,TARMA,TARMA,TARMA,-11.419979,-75.688024,9652,39456
JUNIN,HUANCAYO,HUANCAN,HUANCAN,-12.106548,-75.21676,5667,23659
JUNIN,HUANCAYO,SAN JERONIMO DE TUNAN,SAN JERONIMO DE TUNAN,-11.949136,-75.282105,2695,11601
JUNIN,TARMA,HUASAHUASI,HUASAHUASI,-11.265084,-75.65018,1232,4071
JUNIN,CHUPACA,AHUAC,AHUAC,-12.085966,-75.321178,995,3507
JUNIN,TARMA,ACOBAMBA,ACOBAMBA,-11.353316,-75.659174,751,3120
JUNIN,TARMA,PALCA,PALCA,-11.346005,-75.568521,667,2724
JUNIN,CHUPACA,TRES DE DICIEMBRE,TRES DE DICIEMBRE,-12.109632,-75.245934,806,2665
JUNIN,HUANCAYO,VIQUES,VIQUES,-12.159598,-75.231968,666,2589
JUNIN,SATIPO,MAZAMARI,SAN CRISTOBAL,-11.334819,-74.523328,327,1816
JUNIN,HUANCAYO,HUACRAPUQUIO,HUACRAPUQUIO,-12.171193,-75.220714,434,1297
JUNIN,HUANCAYO,EL TAMBO,CULLPA BAJA,-12.021506,-75.194756,220,897
JUNIN,SATIPO,COVIRIALI,RICARDO PALMA,-11.270893,-74.636682,169,820
JUNIN,SATIPO,MAZAMARI,ARTURO DURAN PANES Y PASTOR,-11.339273,-74.52553,150,790
JUNIN,CHUPACA,CHUPACA,LA VICTORIA,-12.075924,-75.276081,270,780
JUNIN,CHANCHAMAYO,SAN RAMON,EL NARANJAL,-11.144462,-75.402402,219,682
JUNIN,CHUPACA,SAN JUAN DE ISCOS,ISCOS,-12.098209,-75.292823,202,653
JUNIN,TARMA,TARMA,SACSAMARCA,-11.4112,-75.706468,157,571
JUNIN,TARMA,ACOBAMBA,MURUHUAY,-11.347622,-75.653033,190,571
JUNIN,TARMA,ACOBAMBA,VILCABAMBA,-11.363078,-75.630869,148,530
JUNIN,TARMA,TAPO,YURACMAYO,-11.470028,-75.526587,127,468
JUNIN,JAUJA,POMACANCHA,CASA BLANCA (SANTA ROSA DE TAJANA),-11.664752,-75.643008,108,467
JUNIN,CONCEPCION,ANDAMARCA,ANDAMARCA,-11.728332,-74.801755,116,436
JUNIN,CHUPACA,CHONGOS BAJO,PUMPUNYA,-12.154118,-75.262903,136,436
JUNIN,SATIPO,MAZAMARI,CIUDAD SATELITE (QUERUBINI),-11.34633,-74.528546,118,424
JUNIN,TARMA,TARMA,HUINCO,-11.418921,-75.708219,106,399
JUNIN,TARMA,TAPO,HUARIPAMPA,-11.433467,-75.53154,85,341
JUNIN,TARMA,ACOBAMBA,TUPIN,-11.365747,-75.685251,106,330
JUNIN,SATIPO,COVIRIALI,COVIRIALI,-11.291297,-74.6274,84,312
JUNIN,HUANCAYO,CHONGOS ALTO,PUENTE MELLIZO,-12.516217,-75.512272,0,290
JUNIN,CHANCHAMAYO,SAN RAMON,CHALLHUAPUQUIO,-11.14974,-75.408327,81,288
JUNIN,CHUPACA,SAN JUAN DE ISCOS,PATARCOCHA,-12.10826,-75.294565,94,280
JUNIN,TARMA,TAPO,YAROCA,-11.373232,-75.544155,84,277
JUNIN,HUANCAYO,CHUPURO,CHONTA,-12.15565,-75.255553,81,267
JUNIN,TARMA,PALCA,CHIPOCAYO,-11.351907,-75.59737,74,267
JUNIN,CHANCHAMAYO,CHANCHAMAYO,PAMPA MICHI (PAMPAMICHI),-10.946478,-75.253285,62,259
JUNIN,CHUPACA,AHUAC,AMARU CANCHA,-12.06756,-75.31204,59,213
JUNIN,TARMA,PALCA,LLAPSACACA,-11.347865,-75.587525,56,195
JUNIN,TARMA,TAPO,QUETA,-11.435162,-75.583402,51,164
JUNIN,TARMA,PALCA,SAN LUIS,-11.346198,-75.584933,47,147
JUNIN,CHANCHAMAYO,CHANCHAMAYO,PUENTE KIMIRI,-11.032675,-75.317112,43,143
JUNIN,CHANCHAMAYO,PICHANAQUI,SAN ANTONIO DE ZUTZIKI,-10.883373,-74.910112,39,142
JUNIN,TARMA,TARMA,CURIS,-11.419742,-75.674164,48,137
JUNIN,CHUPACA,AHUAC,MATAPUQUIO,-12.084473,-75.328033,31,114
JUNIN,CHANCHAMAYO,SAN RAMON,SAN JOSE DE UTCUYACU,-11.186507,-75.46419,34,109
JUNIN,TARMA,ACOBAMBA,SAN JOSE,-11.35639,-75.602282,32,109
JUNIN,TARMA,HUASAHUASI,MIRAFLORES,-11.263017,-75.644252,32,109
JUNIN,TARMA,PALCA,SANTA FE,-11.35242,-75.602777,37,107
JUNIN,JUNIN,ULCUMAYO,CHICHIS,-10.980885,-75.775378,31,103
JUNIN,TARMA,PALCAMAYO,CALCA,-11.31026,-75.715503,34,101
JUNIN,CHANCHAMAYO,CHANCHAMAYO,NIJANDARIS,-11.003139,-75.315153,24,97
JUNIN,CHUPACA,CHONGOS BAJO,MANTARO,-12.1386,-75.255728,28,90
JUNIN,CHUPACA,SAN JUAN DE ISCOS,CHAUPIMARCA,-12.103128,-75.296305,25,89
JUNIN,CHUPACA,CHONGOS BAJO,TARACAYO,-12.154497,-75.259257,30,86
JUNIN,TARMA,ACOBAMBA,ROSAS PUQUIO,-11.368298,-75.633023,22,82
JUNIN,CHANCHAMAYO,SAN LUIS DE SHUARO,PUENTE PAUCARTAMBO,-10.83847,-75.291493,26,71
JUNIN,TARMA,HUASAHUASI,VILLATAO,-11.265643,-75.65801,19,57
JUNIN,TARMA,HUASAHUASI,HUANCHAN CHICO,-11.269367,-75.648048,21,50
JUNIN,JUNIN,ULCUMAYO,TAMBOS,-10.983145,-75.764808,20,47
JUNIN,TARMA,PALCAMAYO,MOLINO,-11.313608,-75.711408,16,45
JUNIN,TARMA,PALCA,SANTO DOMINGO DE PALCA,-11.344843,-75.579665,14,41
JUNIN,TARMA,HUASAHUASI,GAGAPATA,-11.267259,-75.643604,13,39
JUNIN,CHANCHAMAYO,CHANCHAMAYO,LA RUMILDA (LA ROMILDA),-11.003318,-75.333014,18,38
JUNIN,TARMA,HUASAHUASI,MARAYPATA,-11.263398,-75.634257,18,37
JUNIN,CHANCHAMAYO,CHANCHAMAYO,BELLA VISTA,-11.031575,-75.325696,8,26
JUNIN,CHANCHAMAYO,PERENE,10-oct,-10.909362,-74.889961,9,26
JUNIN,TARMA,PALCAMAYO,CHICHIMACO,-11.309208,-75.711933,14,26
JUNIN,HUANCAYO,SAPALLANGA,SAN PABLO,-12.157362,-75.16801,10,25
JUNIN,HUANCAYO,CHILCA,PICH GANA HUACCTA,-12.072612,-75.185308,4,24
JUNIN,TARMA,HUASAHUASI,YAWAR COCHA,-11.268263,-75.636162,7,20
JUNIN,HUANCAYO,HUANCAN,NUEVA CASTILLA,-12.110992,-75.199146,6,19
JUNIN,CHANCHAMAYO,SAN RAMON,ALTO HUARANGO,-11.145035,-75.40369,6,17
JUNIN,TARMA,PALCAMAYO,TINGO,-11.257217,-75.811103,5,15
JUNIN,CHANCHAMAYO,SAN RAMON,ALTO TIGRILLO,-11.127147,-75.407475,6,13
JUNIN,TARMA,TARMA,CAPIA,-11.418777,-75.668315,3,11
JUNIN,TARMA,PALCAMAYO,MUYO,-11.314493,-75.71469,3,11
JUNIN,CHUPACA,CHONGOS BAJO,PACHACUTEC,-12.1498,-75.258962,3,7
JUNIN,CHANCHAMAYO,PERENE,IPANEMA,-10.903584,-74.895934,3,6
JUNIN,SATIPO,COVIRIALI,GETSEMANI,-11.291477,-74.62218,1,6
JUNIN,CHUPACA,CHONGOS BAJO,HUARITANGA,-12.16358,-75.27072,1,5
JUNIN,HUANCAYO,CHONGOS ALTO,CHICURUYO,-12.445016,-75.479859,1,2
JUNIN,HUANCAYO,CHONGOS ALTO,WICHICOCHA,-12.529106,-75.51692,1,2
JUNIN,TARMA,TARMA,SAN JUAN CRUZ,-11.423926,-75.689094,1,1
JUNIN,HUANCAYO,HUACRAPUQUIO,LA FLORIDA,-12.153515,-75.217508,0,0
JUNIN,TARMA,TAPO,AMAPOLA,-11.421045,-75.525555,0,0
LA LIBERTAD,TRUJILLO,TRUJILLO,TRUJILLO,-8.100119,-79.030538,74848,314808
LA LIBERTAD,TRUJILLO,VICTOR LARCO HERRERA,BUENOS AIRES,-8.136426,-79.043337,16369,68506
LA LIBERTAD,CHEPEN,CHEPEN,CHEPEN,-7.227637,-79.429461,9733,37466
LA LIBERTAD,TRUJILLO,LAREDO,LAREDO,-8.089652,-78.960168,5739,23828
LA LIBERTAD,PACASMAYO,GUADALUPE,GUADALUPE,-7.243731,-79.470382,6122,21857
LA LIBERTAD,TRUJILLO,MOCHE,MOCHE,-8.171295,-79.009177,4618,20549
LA LIBERTAD,ASCOPE,CASA GRANDE,CASA GRANDE,-7.745221,-79.18801,4659,19097
LA LIBERTAD,ASCOPE,CASA GRANDE,ROMA,-7.765286,-79.147587,1714,6388
LA LIBERTAD,ASCOPE,ASCOPE,ASCOPE,-7.713504,-79.107279,1631,6000
LA LIBERTAD,ASCOPE,CHICAMA,CHICAMA,-7.842546,-79.144042,1444,5692
LA LIBERTAD,ASCOPE,RAZURI,PUERTO DE MALABRIGO,-7.702151,-79.437688,1374,4831
LA LIBERTAD,ASCOPE,CHICAMA,SAUSAL,-7.73404,-79.004458,1119,4196
LA LIBERTAD,CHEPEN,PUEBLO NUEVO,PUEBLO NUEVO,-7.182573,-79.520112,1157,4014
LA LIBERTAD,ASCOPE,CHICAMA,CHICLIN,-7.835673,-79.160487,1004,3934
LA LIBERTAD,CHEPEN,PACANGA,PACANGA,-7.171519,-79.485523,1103,3593
LA LIBERTAD,SANTIAGO DE CHUCO,CACHICADAN,CACHICADAN,-8.094422,-78.148949,651,2525
LA LIBERTAD,CHEPEN,PUEBLO NUEVO,SANTA ROSA,-7.162801,-79.552841,754,2523
LA LIBERTAD,CHEPEN,PACANGA,SAN JOSE DE MORO (MORO),-7.179361,-79.439028,692,2349
LA LIBERTAD,PACASMAYO,JEQUETEPEQUE,JEQUETEPEQUE,-7.337551,-79.563109,666,2313
LA LIBERTAD,ASCOPE,SANTIAGO DE CAO,CHIQUITOY,-7.926577,-79.2072,672,2199
LA LIBERTAD,TRUJILLO,LAREDO,SAN CARLOS,-8.071235,-78.950741,542,2128
LA LIBERTAD,ASCOPE,SANTIAGO DE CAO,SANTIAGO DE CAO,-7.957643,-79.243685,563,2090
LA LIBERTAD,SANTIAGO DE CHUCO,ANGASMARCA,ANGASMARCA,-8.132729,-78.055877,429,1816
LA LIBERTAD,TRUJILLO,LAREDO,BELLO HORIZONTE,-8.058874,-78.859103,372,1443
LA LIBERTAD,PATAZ,PATAZ,VIJUS,-7.719506,-77.663499,273,1369
LA LIBERTAD,ASCOPE,MAGDALENA DE CAO,MAGDALENA DE CAO,-7.876393,-79.295971,317,1333
LA LIBERTAD,CHEPEN,PACANGA,LOS PARQUES,-7.191399,-79.506482,368,1262
LA LIBERTAD,CHEPEN,CHEPEN,TALAMBO,-7.242142,-79.400154,355,1185
LA LIBERTAD,ASCOPE,CHOCOPE,SINTUCO,-7.81101,-79.19974,277,1174
LA LIBERTAD,JULCAN,CARABAMBA,CARABAMBA,-8.11249,-78.607434,366,1104
LA LIBERTAD,ASCOPE,CASA GRANDE,MOCAN,-7.656019,-79.24162,258,1035
LA LIBERTAD,CHEPEN,CHEPEN,PUENTE MAYTA,-7.302717,-79.397127,342,1034
LA LIBERTAD,BOLIVAR,LONGOTEA,SAN VICENTE DE PAUL,-6.993834,-77.935712,291,954
LA LIBERTAD,PACASMAYO,GUADALUPE,MARISCAL CASTILLA,-7.299114,-79.40718,275,920
LA LIBERTAD,CHEPEN,CHEPEN,EL SALVADOR,-7.182881,-79.413642,270,916
LA LIBERTAD,PACASMAYO,GUADALUPE,SEMAN,-7.218262,-79.468938,238,908
LA LIBERTAD,CHEPEN,CHEPEN,HUABAL,-7.291638,-79.322888,259,845
LA LIBERTAD,PATAZ,PATAZ,CHAGUAL,-7.831945,-77.634832,66,831
LA LIBERTAD,TRUJILLO,POROTO,POROTO,-8.011354,-78.76788,205,796
LA LIBERTAD,ASCOPE,RAZURI,MACABI ALTO,-7.716485,-79.36884,196,778
LA LIBERTAD,CHEPEN,PUEBLO NUEVO,SANTA CATALINA,-7.219834,-79.515841,206,716
LA LIBERTAD,TRUJILLO,MOCHE,JUSHAPE,-8.144661,-78.999422,170,713
LA LIBERTAD,TRUJILLO,LAREDO,BARRAZA,-8.11089,-78.971282,151,677
LA LIBERTAD,TRUJILLO,LAREDO,PAMPAS DE SAN JUAN,-8.130385,-78.940078,171,657
LA LIBERTAD,PACASMAYO,GUADALUPE,CALERA,-7.275535,-79.454782,180,644
LA LIBERTAD,CHEPEN,PUEBLO NUEVO,NUEVO HORIZONTE-BUENOS AIRES,-7.14555,-79.59483,177,633
LA LIBERTAD,PACASMAYO,SAN PEDRO DE LLOC,EL HORNITO,-7.417847,-79.526647,164,626
LA LIBERTAD,VIRU,VIRU,EL NI헲,-8.379646,-78.679172,179,621
LA LIBERTAD,SANTIAGO DE CHUCO,SANTA CRUZ DE CHUCA,SANTA CRUZ DE CHUCA,-8.120269,-78.142294,122,587
LA LIBERTAD,SANCHEZ CARRION,HUAMACHUCO,PALLAR BAJO,-7.791768,-77.90423,152,575
LA LIBERTAD,CHEPEN,PUEBLO NUEVO,ALTO SAN ILDEFONSO,-7.144297,-79.584536,152,530
LA LIBERTAD,TRUJILLO,SIMBAL,PEDREGAL,-8.008352,-78.827417,123,490
LA LIBERTAD,GRAN CHIMU,CASCAS,JOLLUCO ALTO,-7.548567,-78.72202,154,488
LA LIBERTAD,CHEPEN,PUEBLO NUEVO,EL MILAGRO-MOLINO,-7.203187,-79.518104,129,483
LA LIBERTAD,CHEPEN,CHEPEN,MARISCAL LA MAR,-7.267248,-79.408079,150,471
LA LIBERTAD,SANTIAGO DE CHUCO,MOLLEBAMBA,MOLLEBAMBA,-8.170952,-77.97394,127,470
LA LIBERTAD,TRUJILLO,MOCHE,SUN (SUNA),-8.147667,-79.003722,104,453
LA LIBERTAD,OTUZCO,SALPO,PLATANAR,-8.005061,-78.692315,111,449
LA LIBERTAD,CHEPEN,CHEPEN,CHEPEN ALTO,-7.246801,-79.412352,116,386
LA LIBERTAD,PACASMAYO,GUADALUPE,CHAFAN GRANDE,-7.309211,-79.390894,109,384
LA LIBERTAD,TRUJILLO,MOCHE,LAS TORRES DE SAN BORJA,-8.170042,-79.023572,96,375
LA LIBERTAD,GRAN CHIMU,MARMOT,HUANCAY,-7.60534,-78.689093,111,373
LA LIBERTAD,SANTIAGO DE CHUCO,ANGASMARCA,COLPA SECA,-8.174277,-78.072495,107,369
LA LIBERTAD,GRAN CHIMU,MARMOT,CERRO NEGRO,-7.59756,-78.692102,57,359
LA LIBERTAD,CHEPEN,PACANGA,NUEVA JERUSALEN,-7.111672,-79.472188,103,358
LA LIBERTAD,CHEPEN,PACANGA,EL ALGARROBAL,-7.176365,-79.415703,95,357
LA LIBERTAD,CHEPEN,PACANGA,PRIMERO DE MAYO,-7.114508,-79.493195,56,343
LA LIBERTAD,CHEPEN,PACANGA,HUACA BLANCA BAJA,-7.159273,-79.382442,106,333
LA LIBERTAD,TRUJILLO,POROTO,CON CON,-8.008325,-78.738472,84,331
LA LIBERTAD,TRUJILLO,LAREDO,CHACARILLA BARRAZA,-8.109877,-78.984645,72,324
LA LIBERTAD,TRUJILLO,LAREDO,QUIRIHUAC ALTO (QUIRIHUAC NUEVO),-8.065833,-78.86135,98,316
LA LIBERTAD,CHEPEN,CHEPEN,LA MORANA,-7.264408,-79.397457,106,312
LA LIBERTAD,ASCOPE,CHOCOPE,CAREAGA,-7.805143,-79.195873,70,309
LA LIBERTAD,PACASMAYO,SAN JOSE,TECAPA,-7.358092,-79.421386,98,299
LA LIBERTAD,ASCOPE,CHICAMA,CHICAMITA,-7.836035,-79.144398,72,296
LA LIBERTAD,ASCOPE,CASA GRANDE,FACALA,-7.723823,-79.158573,86,288
LA LIBERTAD,TRUJILLO,LAREDO,CIUDAD DE DIOS,-8.054046,-78.855056,80,283
LA LIBERTAD,TRUJILLO,MOCHE,CHANQUIN ALTO,-8.13788,-78.999181,63,282
LA LIBERTAD,TRUJILLO,POROTO,LA TRANCA,-8.009125,-78.751712,70,278
LA LIBERTAD,CHEPEN,CHEPEN,SANTA CECILIA,-7.192444,-79.429829,75,278
LA LIBERTAD,GRAN CHIMU,CASCAS,CRUCE,-7.564013,-78.806218,81,275
LA LIBERTAD,CHEPEN,PACANGA,HUACA BLANCA ALTA,-7.148133,-79.350037,86,271
LA LIBERTAD,BOLIVAR,LONGOTEA,LONGOTEA,-7.043766,-77.872199,79,266
LA LIBERTAD,GRAN CHIMU,CASCAS,JOLLUCO BAJO,-7.561025,-78.72643,76,266
LA LIBERTAD,SANTIAGO DE CHUCO,QUIRUVILCA,LLARAY,-8.049585,-78.1925,70,260
LA LIBERTAD,CHEPEN,PACANGA,QUITO,-7.164733,-79.450902,77,252
LA LIBERTAD,CHEPEN,PUEBLO NUEVO,GUANABANO,-7.21282,-79.491062,75,250
LA LIBERTAD,TRUJILLO,MOCHE,LA COBRANZA,-8.142434,-79.004398,60,249
LA LIBERTAD,BOLIVAR,UCHUMARCA,PUSAC,-6.990308,-77.932462,82,249
LA LIBERTAD,SANTIAGO DE CHUCO,SANTA CRUZ DE CHUCA,COCHAPAMPA,-8.11266,-78.136505,88,242
LA LIBERTAD,CHEPEN,PACANGA,MONTE SECO,-7.135245,-79.511698,62,239
LA LIBERTAD,CHEPEN,PUEBLO NUEVO,CHARCAPE,-7.192538,-79.53187,69,239
LA LIBERTAD,PACASMAYO,SAN PEDRO DE LLOC,BUENOS AIRES,-7.45643,-79.514632,58,238
LA LIBERTAD,SANTIAGO DE CHUCO,SANTA CRUZ DE CHUCA,CUSHIPE,-8.147023,-78.11487,64,237
LA LIBERTAD,SANTIAGO DE CHUCO,SANTA CRUZ DE CHUCA,CASHAN,-8.14757,-78.102605,64,237
LA LIBERTAD,TRUJILLO,MOCHE,VILLA SAN JUAN,-8.149437,-79.002479,51,233
LA LIBERTAD,PATAZ,PATAZ,SAN ANTONIO,-7.719072,-77.661408,11,223
LA LIBERTAD,ASCOPE,CHICAMA,PAMPAS DE JAGUEY,-7.660428,-78.952418,61,214
LA LIBERTAD,BOLIVAR,LONGOTEA,CHOROBAMBA,-7.005167,-77.932712,61,214
LA LIBERTAD,TRUJILLO,LAREDO,CATUAY BAJO,-8.014039,-78.834939,60,207
LA LIBERTAD,SANCHEZ CARRION,COCHORCO,CHAGUALITO,-7.828207,-77.640718,63,204
LA LIBERTAD,CHEPEN,PUEBLO NUEVO,LA GRANJA,-7.230653,-79.486382,68,200
LA LIBERTAD,CHEPEN,PUEBLO NUEVO,GEIPE ALTO,-7.209012,-79.491862,48,189
LA LIBERTAD,TRUJILLO,MOCHE,PISUN,-8.149307,-78.999769,49,188
LA LIBERTAD,GRAN CHIMU,CASCAS,SINUPE,-7.58969,-78.868423,60,187
LA LIBERTAD,SANTIAGO DE CHUCO,CACHICADAN,INGA CORRAL,-8.051438,-78.030552,46,186
LA LIBERTAD,SANCHEZ CARRION,COCHORCO,CORRALES,-7.82115,-77.682262,58,185
LA LIBERTAD,CHEPEN,CHEPEN,CALERA BAJA,-7.269708,-79.395489,58,184
LA LIBERTAD,ASCOPE,CHICAMA,SALINAR,-7.669175,-78.956107,57,182
LA LIBERTAD,CHEPEN,CHEPEN,ZAPOTAL,-7.27596,-79.298356,57,182
LA LIBERTAD,SANTIAGO DE CHUCO,SANTIAGO DE CHUCO,MUYCAN,-8.128853,-78.180242,61,181
LA LIBERTAD,OTUZCO,SALPO,RAYAPAMPA (RAYAMPAMPA),-8.001743,-78.684923,52,171
LA LIBERTAD,CHEPEN,PACANGA,CERRO BLANCO,-7.140082,-79.447627,45,167
LA LIBERTAD,ASCOPE,ASCOPE,CEPEDA,-7.735255,-79.107073,52,166
LA LIBERTAD,GRAN CHIMU,MARMOT,PAMPAS DEL BAO,-7.556248,-78.78935,54,166
LA LIBERTAD,GRAN CHIMU,CASCAS,PROGRESO COLON,-7.590622,-78.894492,45,163
LA LIBERTAD,ASCOPE,RAZURI,LOS GARCIA,-7.713918,-79.374965,38,161
LA LIBERTAD,CHEPEN,PUEBLO NUEVO,LA TERESA,-7.143748,-79.559963,45,161
LA LIBERTAD,CHEPEN,CHEPEN,LA ARENITA,-7.276365,-79.301809,45,160
LA LIBERTAD,ASCOPE,SANTIAGO DE CAO,SAN JOSE BAJO,-7.903478,-79.238873,52,157
LA LIBERTAD,PACASMAYO,SAN PEDRO DE LLOC,SAN DEMETRIO,-7.440273,-79.562503,40,148
LA LIBERTAD,CHEPEN,PACANGA,CAIN,-7.191772,-79.475235,43,146
LA LIBERTAD,TRUJILLO,MOCHE,HORCONCITO,-8.167425,-79.015668,35,144
LA LIBERTAD,ASCOPE,CHICAMA,HUABALITO,-7.605243,-78.909395,44,144
LA LIBERTAD,PACASMAYO,GUADALUPE,CAMPO ARTURO,-7.218867,-79.465128,45,144
LA LIBERTAD,TRUJILLO,LAREDO,LAS LOMAS,-8.114519,-78.947104,39,139
LA LIBERTAD,SANTIAGO DE CHUCO,ANGASMARCA,MULLIPAMPA,-8.149907,-78.039172,40,139
LA LIBERTAD,TRUJILLO,MOCHE,LA AMERICA,-8.164463,-79.022953,25,137
LA LIBERTAD,GRAN CHIMU,LUCMA,PINCHADAY,-7.562353,-78.649905,51,134
LA LIBERTAD,ASCOPE,CHICAMA,QUEMAZON,-7.73683,-79.032482,36,131
LA LIBERTAD,CHEPEN,CHEPEN,PUENTE GUADALUPE,-7.320321,-79.360245,43,130
LA LIBERTAD,TRUJILLO,POROTO,CUSHMUN,-7.998503,-78.693242,34,127
LA LIBERTAD,CHEPEN,PUEBLO NUEVO,SAN ISIDRO,-7.124193,-79.57692,37,125
LA LIBERTAD,ASCOPE,MAGDALENA DE CAO,NAZARENO,-7.923567,-79.286795,45,124
LA LIBERTAD,SANTIAGO DE CHUCO,SANTA CRUZ DE CHUCA,LLATURPAMBA,-8.148552,-78.134542,32,122
LA LIBERTAD,ASCOPE,CASA GRANDE,EL CERRILLO,-7.671995,-79.26046,34,120
LA LIBERTAD,PACASMAYO,SAN JOSE,LAS VEGAS,-7.332025,-79.380145,34,120
LA LIBERTAD,PACASMAYO,GUADALUPE,LAS BRISAS,-7.322079,-79.580226,32,119
LA LIBERTAD,GRAN CHIMU,CASCAS,PUNTA MORENO,-7.594203,-78.888128,36,119
LA LIBERTAD,CHEPEN,PACANGA,SEBASTROPOL,-7.13915,-79.428058,32,118
LA LIBERTAD,TRUJILLO,HUANCHACO,VALDIVIA (VALDIVIA ALTA),-8.083574,-79.075671,30,117
LA LIBERTAD,TRUJILLO,MOCHE,HUABALITO,-8.167789,-79.001714,28,115
LA LIBERTAD,TRUJILLO,LAREDO,QUIRIHUAC BAJO (QUIRIHUAC I),-8.067343,-78.851537,36,114
LA LIBERTAD,TRUJILLO,MOCHE,SAN AGUSTIN DEL PUENTE,-8.144897,-79.012949,23,112
LA LIBERTAD,SANTIAGO DE CHUCO,QUIRUVILCA,YANIVILCA,-7.89461,-78.287372,26,112
LA LIBERTAD,CHEPEN,PACANGA,TRUST BAJO,-7.168327,-79.397877,32,111
LA LIBERTAD,ASCOPE,CHICAMA,LLAMIPE,-7.895732,-79.181808,30,110
LA LIBERTAD,CHEPEN,PUEBLO NUEVO,QUEMBER,-7.226238,-79.486583,29,106
LA LIBERTAD,TRUJILLO,POROTO,CASA BLANCA,-8.008578,-78.772345,28,105
LA LIBERTAD,CHEPEN,CHEPEN,PUENTE CHEPEN,-7.309694,-79.341982,34,104
LA LIBERTAD,TRUJILLO,POROTO,CAMPO DE PIURA,-8.018567,-78.766772,26,103
LA LIBERTAD,TRUJILLO,MOCHE,LA GENERAL (SUN. B),-8.145787,-79.000679,22,101
LA LIBERTAD,SANTIAGO DE CHUCO,SANTIAGO DE CHUCO,CHULITE,-8.13167,-78.186553,32,100
LA LIBERTAD,CHEPEN,CHEPEN,EL POLVORIN,-7.277155,-79.275896,36,98
LA LIBERTAD,PACASMAYO,SAN PEDRO DE LLOC,CHASCARRAPE,-7.394472,-79.507435,31,97
LA LIBERTAD,ASCOPE,CHICAMA,LA BOTELLA,-7.633638,-78.936042,27,96
LA LIBERTAD,ASCOPE,SANTIAGO DE CAO,NEPEN,-7.9307,-79.265043,32,96
LA LIBERTAD,ASCOPE,CASA GRANDE,SOL UNO,-7.673273,-79.214546,28,96
LA LIBERTAD,PACASMAYO,JEQUETEPEQUE,SANTA MARTHA,-7.335717,-79.58198,33,96
LA LIBERTAD,BOLIVAR,LONGOTEA,EL JARDIN,-6.998508,-77.930552,29,92
LA LIBERTAD,ASCOPE,RAZURI,LA LINEA DE PANCAL,-7.729068,-79.377945,25,91
LA LIBERTAD,TRUJILLO,MOCHE,BELLAVISTA,-8.173057,-79.00075,21,90
LA LIBERTAD,ASCOPE,CHICAMA,LUZ DEL SOL,-7.973521,-79.058513,50,89
LA LIBERTAD,CHEPEN,PACANGA,TRUST ALTO,-7.163865,-79.387537,22,89
LA LIBERTAD,SANTIAGO DE CHUCO,QUIRUVILCA,LA VICTORIA,-7.900475,-78.29389,22,89
LA LIBERTAD,GRAN CHIMU,CASCAS,EL SAUSALITO,-7.569252,-78.813073,34,89
LA LIBERTAD,PACASMAYO,GUADALUPE,JORGE CHAVEZ,-7.285548,-79.416697,30,88
LA LIBERTAD,TRUJILLO,MOCHE,CHOC CHOC,-8.170876,-78.999743,17,84
LA LIBERTAD,TRUJILLO,MOCHE,EL CARNERO,-8.149838,-79.007736,19,83
LA LIBERTAD,CHEPEN,CHEPEN,ALGARROBAL DE TALAMBO,-7.238202,-79.391727,27,83
LA LIBERTAD,CHEPEN,PUEBLO NUEVO,LA MARIPOSA,-7.219965,-79.519832,26,83
LA LIBERTAD,TRUJILLO,MOCHE,LA ESPERANZA,-8.149925,-79.009411,21,80
LA LIBERTAD,PACASMAYO,GUADALUPE,ALTO PERU,-7.22715,-79.46305,25,80
LA LIBERTAD,TRUJILLO,TRUJILLO,EL CONDE,-8.121933,-78.984894,19,76
LA LIBERTAD,PACASMAYO,SAN PEDRO DE LLOC,CRUCE EL HORNITO,-7.415628,-79.522853,21,76
LA LIBERTAD,SANTIAGO DE CHUCO,SANTIAGO DE CHUCO,CANCATE,-8.247888,-78.162652,29,76
LA LIBERTAD,GRAN CHIMU,CASCAS,LA SOLEDAD,-7.578017,-78.835453,26,76
LA LIBERTAD,SANCHEZ CARRION,COCHORCO,MUYQUE,-7.81397,-77.678443,13,75
LA LIBERTAD,SANCHEZ CARRION,COCHORCO,SAN ISIDRO,-7.830072,-77.686635,17,73
LA LIBERTAD,PACASMAYO,JEQUETEPEQUE,ALTO JEQUETEPEQUE,-7.362825,-79.571248,20,72
LA LIBERTAD,GRAN CHIMU,CASCAS,LA PAMPA,-7.557705,-78.680902,25,72
LA LIBERTAD,CHEPEN,PUEBLO NUEVO,GEIPE BAJO,-7.19344,-79.512957,21,70
LA LIBERTAD,TRUJILLO,POROTO,MISHIRIHUANGA,-8.009982,-78.73591,18,69
LA LIBERTAD,TRUJILLO,MOCHE,LA LINEA,-8.161783,-79.007637,17,68
LA LIBERTAD,ASCOPE,CASA GRANDE,CHACARILLAS,-7.67279,-79.224558,18,66
LA LIBERTAD,CHEPEN,CHEPEN,MANCOCHITO,-7.192053,-79.425165,18,66
LA LIBERTAD,ASCOPE,CASA GRANDE,EL QUINCE,-7.743602,-79.169727,15,65
LA LIBERTAD,PATAZ,PATAZ,LA LOMA,-7.72385,-77.659385,16,65
LA LIBERTAD,TRUJILLO,MOCHE,LOS TALLOS,-8.163546,-79.006517,11,64
LA LIBERTAD,ASCOPE,CHICAMA,PIEDRA MOLINO,-7.739967,-79.061208,21,64
LA LIBERTAD,ASCOPE,CHICAMA,LA MONICA,-7.745775,-79.037768,21,63
LA LIBERTAD,CHEPEN,PUEBLO NUEVO,AVIACION,-7.205547,-79.51803,21,63
LA LIBERTAD,GRAN CHIMU,CASCAS,EL EMPALME,-7.571537,-78.80878,20,63
LA LIBERTAD,GRAN CHIMU,CASCAS,LA LAGUNA,-7.550915,-78.684447,17,63
LA LIBERTAD,TRUJILLO,MOCHE,HUARTACO,-8.172262,-79.00229,14,62
LA LIBERTAD,CHEPEN,PUEBLO NUEVO,TAHUANTINSUYO,-7.173185,-79.613523,19,62
LA LIBERTAD,GRAN CHIMU,CASCAS,PUENTE OCHAPE,-7.573133,-78.813093,15,62
LA LIBERTAD,GRAN CHIMU,CASCAS,LAS LAGUNA,-7.548848,-78.727443,16,62
LA LIBERTAD,ASCOPE,RAZURI,EL PANCAL,-7.741467,-79.391522,19,61
LA LIBERTAD,TRUJILLO,POROTO,DOS DE MAYO,-8.02179,-78.814185,16,60
LA LIBERTAD,PACASMAYO,GUADALUPE,EL HUABITO,-7.22924,-79.46419,18,60
LA LIBERTAD,TRUJILLO,MOCHE,EL PALMO,-8.176109,-79.000088,12,59
LA LIBERTAD,TRUJILLO,LAREDO,SANTA ROSA BAJA,-8.04591,-78.848727,18,58
LA LIBERTAD,TRUJILLO,MOCHE,EL TANQUE,-8.146443,-79.007944,14,58
LA LIBERTAD,TRUJILLO,TRUJILLO,EX FUNDO LARREA,-8.13608,-79.012574,19,55
LA LIBERTAD,TRUJILLO,MOCHE,CHACARILLA,-8.1611,-79.002401,15,55
LA LIBERTAD,ASCOPE,ASCOPE,POTREROS DE LOS PISCOS,-7.72893,-79.099628,16,55
LA LIBERTAD,SANTIAGO DE CHUCO,CACHICADAN,PICOMAS,-8.10306,-78.158347,19,55
LA LIBERTAD,ASCOPE,CASA GRANDE,LA CACHIMBA,-7.717462,-79.202563,11,49
LA LIBERTAD,CHEPEN,PUEBLO NUEVO,LA PAMPILLA,-7.231648,-79.484539,15,48
LA LIBERTAD,PACASMAYO,JEQUETEPEQUE,EL ALFALFARITO,-7.335038,-79.559621,12,48
LA LIBERTAD,TRUJILLO,LAREDO,ESPINO LIMON,-8.104756,-78.939353,13,45
LA LIBERTAD,TRUJILLO,MOCHE,BYTIN,-8.161721,-79.001014,10,45
LA LIBERTAD,ASCOPE,CASA GRANDE,LA PAPA,-7.66068,-79.236152,8,44
LA LIBERTAD,CHEPEN,PUEBLO NUEVO,EL TRIGO,-7.218167,-79.525478,12,43
LA LIBERTAD,SANTIAGO DE CHUCO,SANTIAGO DE CHUCO,SHIRACBALL,-8.265942,-78.165282,16,43
LA LIBERTAD,TRUJILLO,HUANCHACO,SANTA MARIA,-8.086067,-79.072392,10,41
LA LIBERTAD,CHEPEN,PACANGA,CAIN ALTO LA LUNA,-7.194435,-79.47794,10,41
LA LIBERTAD,GRAN CHIMU,CASCAS,LA SOLEDAD BAJA,-7.579565,-78.832518,11,41
LA LIBERTAD,CHEPEN,CHEPEN,MANCOCHE ALTO,-7.172453,-79.380495,12,40
LA LIBERTAD,CHEPEN,PUEBLO NUEVO,LA MANGA,-7.204023,-79.513187,14,40
LA LIBERTAD,BOLIVAR,LONGOTEA,CAPILLAPAMPA,-7.006117,-77.927708,16,38
LA LIBERTAD,BOLIVAR,LONGOTEA,PATIPAMPA,-7.011693,-77.926152,14,38
LA LIBERTAD,CHEPEN,PACANGA,TIERRAS NUEVAS,-7.159955,-79.47492,12,38
LA LIBERTAD,TRUJILLO,SALAVERRY,CHOROBAL,-8.185313,-78.997385,10,37
LA LIBERTAD,GRAN CHIMU,CASCAS,EL ESPEJO,-7.575148,-78.828232,12,37
LA LIBERTAD,TRUJILLO,MOCHE,LA CRUZ,-8.176691,-79.007892,6,36
LA LIBERTAD,ASCOPE,RAZURI,LA ARENITA RAMAL II,-7.677488,-79.33078,9,36
LA LIBERTAD,ASCOPE,SANTIAGO DE CAO,CAMPINA IPARRAGUIRRE,-7.93675,-79.202808,8,36
LA LIBERTAD,ASCOPE,SANTIAGO DE CAO,CAPI헤 3 Y 4 DE NEPE헤,-7.901582,-79.261152,12,34
LA LIBERTAD,PACASMAYO,SAN JOSE,POTRERO,-7.35157,-79.423233,13,33
LA LIBERTAD,ASCOPE,CHICAMA,PUENTE TABLA,-7.733637,-79.044198,8,32
LA LIBERTAD,BOLIVAR,LONGOTEA,EL RECREO,-7.028895,-77.888478,13,32
LA LIBERTAD,TRUJILLO,MOCHE,LA PALMERA,-8.164906,-79.001235,8,30
LA LIBERTAD,TRUJILLO,MOCHE,LOS MUERTOS,-8.171845,-79.015156,6,30
LA LIBERTAD,ASCOPE,ASCOPE,PAMPAS DE VENTURA,-7.714518,-79.063782,12,30
LA LIBERTAD,BOLIVAR,LONGOTEA,LA CURVA,-7.045638,-77.874333,8,30
LA LIBERTAD,CHEPEN,CHEPEN,CATALU헤,-7.158976,-79.352559,7,30
LA LIBERTAD,ASCOPE,ASCOPE,LA VICTORIA,-7.72198,-79.10794,11,28
LA LIBERTAD,ASCOPE,CASA GRANDE,ACEQUIA PAIJAN (LICAPA),-7.731022,-79.182462,9,28
LA LIBERTAD,CHEPEN,PACANGA,HUACA DE LAS ESTACAS,-7.180032,-79.461475,10,28
LA LIBERTAD,PACASMAYO,SAN PEDRO DE LLOC,CAVOUR,-7.371448,-79.468062,13,27
LA LIBERTAD,PACASMAYO,SAN JOSE,QUEBRACHO,-7.366272,-79.428603,9,27
LA LIBERTAD,TRUJILLO,POROTO,EL SANGAL,-8.011482,-78.771147,7,26
LA LIBERTAD,TRUJILLO,MOCHE,EL ROSARIO,-8.152468,-79.009228,6,25
LA LIBERTAD,ASCOPE,ASCOPE,LA GRISELDA,-7.718712,-79.101708,6,25
LA LIBERTAD,ASCOPE,ASCOPE,POTRERO BARRANCA,-7.729202,-79.099005,5,25
LA LIBERTAD,TRUJILLO,MOCHE,LA BARRANCA,-8.15197,-79.018449,8,24
LA LIBERTAD,TRUJILLO,LAREDO,NUEVO LAREDO,-8.068872,-78.946867,4,23
LA LIBERTAD,ASCOPE,CASA GRANDE,COPAS,-7.714371,-79.217409,6,23
LA LIBERTAD,CHEPEN,PACANGA,TELEFONO,-7.13099,-79.546157,7,23
LA LIBERTAD,PACASMAYO,GUADALUPE,CASA BLANCA,-7.249005,-79.443928,13,23
LA LIBERTAD,PATAZ,PATAZ,LA PAMPA,-7.721915,-77.658648,6,22
LA LIBERTAD,BOLIVAR,LONGOTEA,CHAHUARPAMPA,-7.036297,-77.882813,6,20
LA LIBERTAD,ASCOPE,SANTIAGO DE CAO,CAMPI헤 SANTIAGO DE CAO,-7.950145,-79.232405,6,19
LA LIBERTAD,ASCOPE,CASA GRANDE,RIO SECO,-7.675992,-79.241427,5,19
LA LIBERTAD,CHEPEN,PUEBLO NUEVO,SANTIAGO,-7.222883,-79.508943,5,19
LA LIBERTAD,PACASMAYO,SAN JOSE,CULTAMBO,-7.337593,-79.413902,5,19
LA LIBERTAD,TRUJILLO,MOCHE,HUEREQUEQUE,-8.161014,-78.998127,5,18
LA LIBERTAD,CHEPEN,PACANGA,CRUZ DE LA LEGUA,-7.167955,-79.542543,6,18
LA LIBERTAD,PACASMAYO,JEQUETEPEQUE,LA VENTUROSA,-7.336878,-79.55707,4,18
LA LIBERTAD,CHEPEN,CHEPEN,ISLA ALTA,-7.168613,-79.378887,6,17
LA LIBERTAD,BOLIVAR,LONGOTEA,ACHUVANA,-7.032287,-77.88731,5,16
LA LIBERTAD,CHEPEN,CHEPEN,KEIKO SOFIA,-7.157552,-79.359858,3,16
LA LIBERTAD,CHEPEN,PUEBLO NUEVO,BLAYS,-7.230615,-79.509803,6,16
LA LIBERTAD,PACASMAYO,GUADALUPE,PRIMER CAMPO,-7.28475,-79.41796,6,16
LA LIBERTAD,CHEPEN,PACANGA,SAN CAYETANO,-7.13268,-79.47899,7,15
LA LIBERTAD,PATAZ,PATAZ,CALQUICHE,-7.820937,-77.639785,6,14
LA LIBERTAD,PACASMAYO,SAN PEDRO DE LLOC,DIOS TEDE,-7.479857,-79.544885,4,13
LA LIBERTAD,GRAN CHIMU,CASCAS,GALLINAZO,-7.548385,-78.681242,3,13
LA LIBERTAD,PATAZ,PATAZ,EL VADO,-7.729968,-77.666032,5,12
LA LIBERTAD,TRUJILLO,POROTO,PIEDRA AZUL,-8.00074,-78.748938,5,11
LA LIBERTAD,ASCOPE,CASA GRANDE,SAN JOSE BAJO,-7.668637,-79.211426,3,11
LA LIBERTAD,CHEPEN,CHEPEN,EL SALVADOR,-7.18789,-79.427587,3,11
LA LIBERTAD,CHEPEN,PACANGA,EL SANJON,-7.170793,-79.442647,4,11
LA LIBERTAD,ASCOPE,SANTIAGO DE CAO,GRUPO CAMPESINO VENCEDORES,-7.943088,-79.202925,4,10
LA LIBERTAD,CHEPEN,PUEBLO NUEVO,IGLESIA VIEJA,-7.137377,-79.588875,4,10
LA LIBERTAD,PACASMAYO,SAN PEDRO DE LLOC,LA CONSTANCIA,-7.441072,-79.543698,2,10
LA LIBERTAD,PACASMAYO,SAN JOSE,JAGUEY (EL JAGUEY),-7.344798,-79.492805,4,10
LA LIBERTAD,CHEPEN,PACANGA,LA FLORIDA,-7.186503,-79.512438,2,9
LA LIBERTAD,CHEPEN,PUEBLO NUEVO,MANANGUICHE,-7.150948,-79.562747,4,9
LA LIBERTAD,SANTIAGO DE CHUCO,CACHICADAN,ALTO PERU,-8.098748,-78.140165,1,9
LA LIBERTAD,TRUJILLO,POROTO,SOLEDAD,-8.000215,-78.766992,2,8
LA LIBERTAD,ASCOPE,ASCOPE,RIVERA DE RIO,-7.744728,-79.109055,3,8
LA LIBERTAD,ASCOPE,CHICAMA,LA CAMPI헤,-7.847515,-79.141428,4,8
LA LIBERTAD,ASCOPE,SANTIAGO DE CAO,EL MEDANO,-7.932133,-79.189857,3,8
LA LIBERTAD,BOLIVAR,LONGOTEA,CIENEGA,-7.043317,-77.867117,5,8
LA LIBERTAD,CHEPEN,PACANGA,LA CAMPI헤 DE MOFO,-7.171317,-79.44595,3,8
LA LIBERTAD,PACASMAYO,JEQUETEPEQUE,LA PRIMAVERA,-7.348837,-79.566002,2,8
LA LIBERTAD,GRAN CHIMU,CASCAS,VISTA FLORIDA,-7.591957,-78.890375,2,8
LA LIBERTAD,PACASMAYO,JEQUETEPEQUE,SANTA APOLONIA,-7.327902,-79.560952,1,7
LA LIBERTAD,CHEPEN,CHEPEN,LA PUNTA,-7.314858,-79.373319,1,6
LA LIBERTAD,CHEPEN,PACANGA,SANTA ELENA,-7.144285,-79.500343,2,6
LA LIBERTAD,PACASMAYO,JEQUETEPEQUE,PLATANAR,-7.330985,-79.548115,2,6
LA LIBERTAD,SANTIAGO DE CHUCO,CACHICADAN,HUACABALI,-8.094078,-78.16,2,6
LA LIBERTAD,SANTIAGO DE CHUCO,QUIRUVILCA,PAMPA DE LA JULIA,-7.990597,-78.29064,2,6
LA LIBERTAD,TRUJILLO,LAREDO,LOMAS DE QUIRIHUAC,-8.07275,-78.839625,3,5
LA LIBERTAD,PACASMAYO,JEQUETEPEQUE,MONTE VERDE,-7.32835,-79.576428,1,5
LA LIBERTAD,ASCOPE,CHICAMA,HUACA LESCANO,-7.79245,-79.136188,2,4
LA LIBERTAD,ASCOPE,MAGDALENA DE CAO,EL PALMO,-7.880783,-79.297052,2,4
LA LIBERTAD,ASCOPE,CASA GRANDE,ARMONIA,-7.663362,-79.221354,2,4
LA LIBERTAD,CHEPEN,PACANGA,EL TRUST,-7.160822,-79.383363,1,4
LA LIBERTAD,CHEPEN,PUEBLO NUEVO,UJIAN,-7.193307,-79.524802,1,4
LA LIBERTAD,CHEPEN,PUEBLO NUEVO,HUACA BLANCA,-7.16823,-79.55882,1,4
LA LIBERTAD,PACASMAYO,SAN JOSE,EL INFIERNILLO,-7.338435,-79.395182,2,4
LA LIBERTAD,ASCOPE,CHICAMA,GAS헤PE,-7.764507,-79.107613,1,3
LA LIBERTAD,ASCOPE,CHICAMA,ALTO CHICLIN,-7.821358,-79.170818,1,3
LA LIBERTAD,PACASMAYO,SAN PEDRO DE LLOC,CALA,-7.402423,-79.491747,1,3
LA LIBERTAD,PACASMAYO,JEQUETEPEQUE,LETANA,-7.335363,-79.520213,2,3
LA LIBERTAD,TRUJILLO,MOCHE,LOS PENCOS,-8.167073,-79.018626,1,2
LA LIBERTAD,BOLIVAR,LONGOTEA,NOGAL,-6.984518,-77.93757,2,2
LA LIBERTAD,CHEPEN,PACANGA,MARTIN SANCHEZ,-7.147557,-79.493373,1,2
LA LIBERTAD,PACASMAYO,SAN PEDRO DE LLOC,PUEBLO LIBRE,-7.43038,-79.554353,1,2
LA LIBERTAD,PACASMAYO,SAN PEDRO DE LLOC,BRISAS DE PACASMAYO,-7.442588,-79.578402,1,2
LA LIBERTAD,PACASMAYO,GUADALUPE,SANJON MARINU헨Z,-7.23072,-79.47654,1,2
LA LIBERTAD,PACASMAYO,JEQUETEPEQUE,PUENTE ZAMBRANO,-7.341573,-79.567618,1,2
LA LIBERTAD,PATAZ,PATAZ,SAPOTE,-7.728072,-77.651558,1,2
LA LIBERTAD,BOLIVAR,LONGOTEA,ROCOTO,-7.041883,-77.877472,1,1
LA LIBERTAD,CHEPEN,PUEBLO NUEVO,EL HORNO,-7.197638,-79.524308,1,1
LA LIBERTAD,PACASMAYO,SAN PEDRO DE LLOC,SANTA ELENA,-7.484265,-79.557203,1,1
LA LIBERTAD,PACASMAYO,GUADALUPE,PAMPILLA BAJA,-7.231147,-79.483908,1,1
LA LIBERTAD,TRUJILLO,VICTOR LARCO HERRERA,EL ARENAL,-8.151666,-79.027914,0,0
LA LIBERTAD,TRUJILLO,VICTOR LARCO HERRERA,BOCANA SUR,-8.158512,-79.035839,0,0
LA LIBERTAD,TRUJILLO,VICTOR LARCO HERRERA,LOS ISRAELITAS,-8.156855,-79.038915,0,0
LA LIBERTAD,ASCOPE,ASCOPE,TOMA ROMA,-7.73529,-79.088335,0,0
LA LIBERTAD,ASCOPE,ASCOPE,TOMA PAIJAN,-7.718761,-79.109091,0,0
LA LIBERTAD,ASCOPE,ASCOPE,TOMA FACALA,-7.72458,-79.061362,0,0
LA LIBERTAD,ASCOPE,CHICAMA,PAMPA HERMOSA,-7.676348,-78.960295,0,0
LA LIBERTAD,ASCOPE,MAGDALENA DE CAO,LA CUADRA,-7.859802,-79.280537,0,0
LA LIBERTAD,ASCOPE,MAGDALENA DE CAO,BOCA DEL RIO,-7.937638,-79.288573,0,0
LA LIBERTAD,BOLIVAR,LONGOTEA,EL CALVARIO,-7.045225,-77.864523,0,0
LA LIBERTAD,CHEPEN,PACANGA,CUCHARA,-7.140063,-79.489132,0,0
LA LIBERTAD,CHEPEN,PACANGA,TAMBILLO,-7.164295,-79.488173,0,0
LA LIBERTAD,CHEPEN,PACANGA,EL TRIUNFO,-7.186107,-79.492755,0,0
LA LIBERTAD,CHEPEN,PACANGA,HUACA RAJADA,-7.180263,-79.490728,0,0
LA LIBERTAD,CHEPEN,PUEBLO NUEVO,NUEVO MONTE GRANDE,-7.191703,-79.642222,0,0
LA LIBERTAD,PACASMAYO,GUADALUPE,LA CINTA,-7.252476,-79.463576,0,0
LA LIBERTAD,PACASMAYO,GUADALUPE,LA LAGUNA,-7.282503,-79.419885,0,0
LA LIBERTAD,PACASMAYO,JEQUETEPEQUE,LACHE CHICO,-7.328322,-79.50824,0,0
LA LIBERTAD,PACASMAYO,JEQUETEPEQUE,COLLIQUE,-7.338477,-79.523987,0,0
LA LIBERTAD,PACASMAYO,JEQUETEPEQUE,LAS CALABERAS,-7.350925,-79.567248,0,0
LA LIBERTAD,PACASMAYO,JEQUETEPEQUE,BOCA DEL RIO,-7.339288,-79.589367,0,0
LA LIBERTAD,PACASMAYO,JEQUETEPEQUE,LA JULIANA,-7.335538,-79.540833,0,0
LA LIBERTAD,PACASMAYO,SAN JOSE,SANTA MARIA DE TECAPA,-7.3652,-79.394322,0,0
LA LIBERTAD,SANCHEZ CARRION,COCHORCO,CEBADAPAMPA,-7.824857,-77.645108,0,0
LAMBAYEQUE,CHICLAYO,CHICLAYO,CHICLAYO,-6.766851,-79.850617,64423,270208
LAMBAYEQUE,CHICLAYO,JOSE LEONARDO ORTIZ,JOSE LEONARDO ORTIZ,-6.762956,-79.834484,35679,156498
LAMBAYEQUE,FERRE헤FE,FERRE헤FE,FERRE헤FE,-6.638935,-79.788374,8084,33526
LAMBAYEQUE,CHICLAYO,MONSEFU,MONSEFU,-6.878095,-79.872423,5461,23969
LAMBAYEQUE,CHICLAYO,TUMAN,TUMAN,-6.750994,-79.70124,6151,23335
LAMBAYEQUE,CHICLAYO,POMALCA,POMALCA,-6.769883,-79.77535,5046,19812
LAMBAYEQUE,CHICLAYO,PATAPO,PATAPO,-6.735464,-79.634703,4205,16589
LAMBAYEQUE,LAMBAYEQUE,MOTUPE,MOTUPE,-6.150898,-79.714298,3797,16275
LAMBAYEQUE,LAMBAYEQUE,OLMOS,OLMOS,-5.987869,-79.747477,3275,14473
LAMBAYEQUE,FERRE헤FE,PUEBLO NUEVO,PUEBLO NUEVO,-6.640255,-79.796203,3293,13733
LAMBAYEQUE,CHICLAYO,CAYALTI,CAYALTI,-6.89164,-79.56229,3704,12257
LAMBAYEQUE,CHICLAYO,ETEN,ETEN,-6.907062,-79.862475,2625,10539
LAMBAYEQUE,CHICLAYO,PICSI,PICSI,-6.718318,-79.770552,1268,9251
LAMBAYEQUE,LAMBAYEQUE,TUCUME,TUCUME,-6.509915,-79.859036,2118,9241
LAMBAYEQUE,CHICLAYO,REQUE,REQUE,-6.865061,-79.819078,2194,8747
LAMBAYEQUE,LAMBAYEQUE,MORROPE,MORROPE,-6.540254,-80.015643,1978,8680
LAMBAYEQUE,LAMBAYEQUE,JAYANCA,JAYANCA,-6.392831,-79.82281,2013,8185
LAMBAYEQUE,CHICLAYO,CHONGOYAPE,CHONGOYAPE,-6.64312,-79.385269,2115,7842
LAMBAYEQUE,LAMBAYEQUE,MOCHUMI,MOCHUMI,-6.547801,-79.864904,1856,7188
LAMBAYEQUE,CHICLAYO,PUCALA,PUCALA,-6.781856,-79.612126,1822,6445
LAMBAYEQUE,CHICLAYO,OYOTUN,OYOTUN,-6.85434,-79.306302,1696,5735
LAMBAYEQUE,LAMBAYEQUE,ILLIMO,ILLIMO,-6.474015,-79.854745,1243,5037
LAMBAYEQUE,CHICLAYO,LAGUNAS,MOCUPE,-6.99107,-79.622672,1349,4818
LAMBAYEQUE,CHICLAYO,SA헤,SA헤,-6.918033,-79.583239,1228,4253
LAMBAYEQUE,LAMBAYEQUE,PACORA,PACORA,-6.42857,-79.838773,1054,3943
LAMBAYEQUE,CHICLAYO,SA헤,SALTUR,-6.811927,-79.638629,1066,3711
LAMBAYEQUE,FERRE헤FE,PITIPO,BATAN GRANDE,-6.482943,-79.652722,798,3106
LAMBAYEQUE,LAMBAYEQUE,SALAS,SALAS,-6.274634,-79.607147,796,3008
LAMBAYEQUE,CHICLAYO,PATAPO,LA CRIA Y PAMPA LA VICTORIA,-6.744311,-79.541633,803,2886
LAMBAYEQUE,CHICLAYO,LAGUNAS,NUEVO MOCUPE,-6.9788,-79.647706,619,2168
LAMBAYEQUE,FERRE헤FE,PITIPO,MOTUPILLO,-6.441981,-79.604664,568,2127
LAMBAYEQUE,LAMBAYEQUE,OLMOS,ALAN GARCIA,-5.991989,-79.730194,585,2017
LAMBAYEQUE,FERRE헤FE,MANUEL ANTONIO MESONES MURO,MANUEL ANTONIO MESONES MURO,-6.644926,-79.738764,456,1787
LAMBAYEQUE,CHICLAYO,PICSI,CAPOTE,-6.714169,-79.813576,440,1763
LAMBAYEQUE,CHICLAYO,POMALCA,SAN ANTONIO,-6.777724,-79.777542,435,1760
LAMBAYEQUE,LAMBAYEQUE,MORROPE,LAGARTERA,-6.504999,-79.966875,302,1590
LAMBAYEQUE,CHICLAYO,TUMAN,CALUPE,-6.778798,-79.678789,369,1425
LAMBAYEQUE,CHICLAYO,CHONGOYAPE,CUCULI EL PALMO SAN JUAN,-6.689807,-79.46929,385,1422
LAMBAYEQUE,FERRE헤FE,PITIPO,PITIPO,-6.565959,-79.780739,317,1188
LAMBAYEQUE,LAMBAYEQUE,MORROPE,SANTA ISABEL,-6.484568,-79.962971,246,1127
LAMBAYEQUE,CHICLAYO,ETEN,VILLA EL MILAGRO,-6.898327,-79.842602,286,1118
LAMBAYEQUE,LAMBAYEQUE,LAMBAYEQUE,VIRGEN PURISIMA CONCEPCION,-6.616306,-79.930548,189,1060
LAMBAYEQUE,LAMBAYEQUE,MORROPE,EL ROMERO,-6.501869,-80.011282,200,1058
LAMBAYEQUE,LAMBAYEQUE,TUCUME,SAN BERNARDINO,-6.490347,-79.86761,194,1009
LAMBAYEQUE,LAMBAYEQUE,JAYANCA,SAN CARRANCO,-6.334167,-79.767465,280,985
LAMBAYEQUE,LAMBAYEQUE,MORROPE,TRANCA SASAPE,-6.494373,-79.939945,201,979
LAMBAYEQUE,LAMBAYEQUE,MORROPE,TRANCA FANUPE,-6.496742,-79.944391,209,979
LAMBAYEQUE,LAMBAYEQUE,MORROPE,LOS POSITOS,-6.498502,-79.926941,176,879
LAMBAYEQUE,CHICLAYO,SA헤,SIPAN,-6.81048,-79.603536,295,878
LAMBAYEQUE,CHICLAYO,MONSEFU,CALLANCA,-6.839474,-79.809559,198,864
LAMBAYEQUE,LAMBAYEQUE,TUCUME,SAPAME,-6.482562,-79.822242,166,859
LAMBAYEQUE,CHICLAYO,CHONGOYAPE,ZAPOTAL-TINAJONES,-6.648117,-79.416777,247,850
LAMBAYEQUE,FERRE헤FE,PITIPO,CACHINCHE,-6.522355,-79.80548,223,843
LAMBAYEQUE,CHICLAYO,PATAPO,LAS CANTERAS,-6.71817,-79.598475,226,839
LAMBAYEQUE,LAMBAYEQUE,MOTUPE,CERRO LA VIEJA,-6.215491,-79.702465,210,831
LAMBAYEQUE,LAMBAYEQUE,MORROPE,FANUPE (CASA BLANCA),-6.496492,-79.956085,175,830
LAMBAYEQUE,LAMBAYEQUE,MORROPE,MONTE HERMOSO,-6.465246,-79.958414,190,829
LAMBAYEQUE,LAMBAYEQUE,MORROPE,CHEPITO BAJO,-6.520288,-79.93958,169,827
LAMBAYEQUE,FERRE헤FE,PITIPO,LA ZARANDA,-6.486103,-79.730862,237,821
LAMBAYEQUE,LAMBAYEQUE,MORROPE,EL HORNITO,-6.485097,-79.982495,154,804
LAMBAYEQUE,CHICLAYO,LAGUNAS,TUPAC AMARU - RAFAN,-7.036219,-79.692333,216,787
LAMBAYEQUE,LAMBAYEQUE,OLMOS,INSCULAS,-5.756562,-79.859188,218,784
LAMBAYEQUE,LAMBAYEQUE,JAYANCA,LA VI헤,-6.371917,-79.76626,208,780
LAMBAYEQUE,CHICLAYO,CAYALTI,LA AVIACION-SANTA SOFIA,-6.905992,-79.547345,223,776
LAMBAYEQUE,LAMBAYEQUE,MORROPE,SEQUIONES,-6.46731,-79.938583,158,748
LAMBAYEQUE,LAMBAYEQUE,MOTUPE,TONGORRAPE (LA CAPILLA),-6.05466,-79.67738,207,748
LAMBAYEQUE,LAMBAYEQUE,MOCHUMI,NUEVO SAN ISIDRO,-6.545443,-79.91905,148,720
LAMBAYEQUE,FERRE헤FE,PITIPO,PATIVILCA,-6.454603,-79.671605,191,714
LAMBAYEQUE,CHICLAYO,TUMAN,LUYA,-6.690907,-79.703872,218,699
LAMBAYEQUE,LAMBAYEQUE,MOTUPE,PALO BLANCO,-6.144117,-79.697842,181,699
LAMBAYEQUE,LAMBAYEQUE,MORROPE,CARACUCHO,-6.48141,-79.951097,142,683
LAMBAYEQUE,FERRE헤FE,PITIPO,TAMBO REAL,-6.479217,-79.684637,166,655
LAMBAYEQUE,LAMBAYEQUE,OLMOS,CRUCE JAEN NUEVO,-5.994144,-79.693995,165,647
LAMBAYEQUE,LAMBAYEQUE,MOCHUMI,VALLE NUEVO,-6.58138,-79.923388,135,645
LAMBAYEQUE,LAMBAYEQUE,JAYANCA,PUERTO RICO,-6.310563,-79.761168,152,634
LAMBAYEQUE,LAMBAYEQUE,TUCUME,EL HORCON,-6.499093,-79.879643,145,632
LAMBAYEQUE,LAMBAYEQUE,MOTUPE,EL PAPAYO,-6.177868,-79.693243,153,630
LAMBAYEQUE,LAMBAYEQUE,OLMOS,EL MUERTO,-6.045561,-79.830805,101,624
LAMBAYEQUE,FERRE헤FE,PITIPO,SAN LUIS,-6.45636,-79.631345,170,620
LAMBAYEQUE,LAMBAYEQUE,JAYANCA,PAMPA DE LINO,-6.362362,-79.831172,151,616
LAMBAYEQUE,LAMBAYEQUE,TUCUME,LOS BANCES,-6.476235,-79.914867,142,613
LAMBAYEQUE,LAMBAYEQUE,MOCHUMI,SOLECAPE,-6.598795,-79.933893,134,609
LAMBAYEQUE,LAMBAYEQUE,MORROPE,FANUPE BARRIO NUEVO,-6.494028,-79.967118,145,597
LAMBAYEQUE,LAMBAYEQUE,OLMOS,MOCAPE,-5.799175,-79.83585,143,590
LAMBAYEQUE,LAMBAYEQUE,JAYANCA,PAN DE AZUCAR,-6.42861,-79.726017,132,589
LAMBAYEQUE,LAMBAYEQUE,MOTUPE,SALITRAL,-6.133238,-79.72469,145,586
LAMBAYEQUE,LAMBAYEQUE,OLMOS,LA ESTANCIA,-5.899327,-79.805223,157,584
LAMBAYEQUE,FERRE헤FE,PITIPO,SIME,-6.538553,-79.796705,151,571
LAMBAYEQUE,LAMBAYEQUE,OLMOS,CORRAL DE ARENA LA ESPERA,-5.899938,-79.833197,152,568
LAMBAYEQUE,LAMBAYEQUE,MOCHUMI,MARAVILLAS,-6.537465,-79.900057,141,565
LAMBAYEQUE,LAMBAYEQUE,MOCHUMI,PUEBLO NUEVO,-6.564596,-79.8943,142,562
LAMBAYEQUE,LAMBAYEQUE,LAMBAYEQUE,SIALUPE BACA LA CAPILLA SANTA ROSA,-6.613322,-79.894855,120,554
LAMBAYEQUE,CHICLAYO,SA헤,LA OTRA BANDA,-6.942597,-79.580462,165,550
LAMBAYEQUE,FERRE헤FE,PITIPO,TRES PUENTES A,-6.46639,-79.656573,157,538
LAMBAYEQUE,LAMBAYEQUE,MOTUPE,DESMOTADORA,-6.16107,-79.69937,156,535
LAMBAYEQUE,LAMBAYEQUE,MOCHUMI,PUNTO CUATRO,-6.594523,-79.87689,131,533
LAMBAYEQUE,LAMBAYEQUE,OLMOS,EL PUENTE,-5.886155,-79.885017,138,525
LAMBAYEQUE,CHICLAYO,LAGUNAS,LAGUNAS (CANASLOCHE),-7.057959,-79.738481,130,510
LAMBAYEQUE,CHICLAYO,POMALCA,INVERNILLO,-6.754269,-79.780144,153,500
LAMBAYEQUE,LAMBAYEQUE,MOTUPE,ANCHOVIRA,-6.2738,-79.739432,143,497
LAMBAYEQUE,LAMBAYEQUE,MOTUPE,ESCUZA BARAJA,-6.23194,-79.755892,135,487
LAMBAYEQUE,CHICLAYO,MONSEFU,SANTA CATALINA,-6.862423,-79.850446,118,475
LAMBAYEQUE,LAMBAYEQUE,MOTUPE,EL ARROZAL,-6.108715,-79.666648,122,473
LAMBAYEQUE,LAMBAYEQUE,OLMOS,NICHIPO,-5.937722,-79.79405,103,470
LAMBAYEQUE,LAMBAYEQUE,TUCUME,CRUZ BLANCA,-6.496797,-79.873332,97,468
LAMBAYEQUE,LAMBAYEQUE,JAYANCA,EL PROGRESO (OJO DE TORO),-6.438265,-79.771443,122,463
LAMBAYEQUE,LAMBAYEQUE,MOCHUMI,LA PIEDRA,-6.599739,-79.871058,120,463
LAMBAYEQUE,CHICLAYO,TUMAN,RINCONAZO,-6.809728,-79.679806,136,455
LAMBAYEQUE,LAMBAYEQUE,OLMOS,ANCOL CAUTIVO,-5.912567,-80.018773,86,454
LAMBAYEQUE,LAMBAYEQUE,JAYANCA,EL ARENAL,-6.393958,-79.831692,114,451
LAMBAYEQUE,CHICLAYO,REQUE,MIRAFLORES,-6.888467,-79.832717,113,449
LAMBAYEQUE,LAMBAYEQUE,OLMOS,EL VIRREY,-5.532168,-79.982498,134,448
LAMBAYEQUE,LAMBAYEQUE,LAMBAYEQUE,"SIALUPE HUAMANTANGA SECTOR 1
(HUAMANTANGA)",-6.661835,-79.886194,104,447
LAMBAYEQUE,CHICLAYO,PUCALA,COLLIQUE ALTO,-6.804366,-79.547617,127,446
LAMBAYEQUE,LAMBAYEQUE,SALAS,HUMEDADES BAJO,-6.299072,-79.69557,137,442
LAMBAYEQUE,LAMBAYEQUE,LAMBAYEQUE,PUNTO NUEVE,-6.638982,-79.891111,103,441
LAMBAYEQUE,CHICLAYO,SA헤,HUACA RAJADA,-6.797785,-79.601838,127,440
LAMBAYEQUE,CHICLAYO,PICSI,SAN MIGUEL,-6.702057,-79.761708,117,439
LAMBAYEQUE,LAMBAYEQUE,MORROPE,CHEPITO OLIVOS,-6.518554,-79.926359,90,439
LAMBAYEQUE,FERRE헤FE,PITIPO,SANTA CLARA,-6.45732,-79.709976,120,437
LAMBAYEQUE,LAMBAYEQUE,CHOCHOPE,CHOCHOPE,-6.157735,-79.647691,114,436
LAMBAYEQUE,LAMBAYEQUE,OLMOS,CALLEJON DE CASCAJAL,-5.925198,-79.791172,126,434
LAMBAYEQUE,FERRE헤FE,FERRE헤FE,FALA,-6.673702,-79.785605,121,433
LAMBAYEQUE,CHICLAYO,POMALCA,SAN PABLO,-6.82424,-79.799604,103,430
LAMBAYEQUE,CHICLAYO,SA헤,SAN NICOLAS,-6.93088,-79.613153,140,429
LAMBAYEQUE,LAMBAYEQUE,PACORA,CERRO ESCUTE (ESCUTE),-6.45146,-79.842995,120,429
LAMBAYEQUE,LAMBAYEQUE,OLMOS,IMPERIAL,-5.97256,-79.737537,102,419
LAMBAYEQUE,LAMBAYEQUE,ILLIMO,SAN PEDRO DE SASAPE,-6.459883,-79.881398,101,414
LAMBAYEQUE,LAMBAYEQUE,TUCUME,SASAPE,-6.486095,-79.904902,84,412
LAMBAYEQUE,LAMBAYEQUE,TUCUME,TUCUME VIEJO,-6.507147,-79.833367,95,411
LAMBAYEQUE,CHICLAYO,NUEVA ARICA,LA VI헤,-6.897734,-79.457594,131,406
LAMBAYEQUE,LAMBAYEQUE,JAYANCA,VILLA SAN JUAN,-6.376655,-79.80682,101,405
LAMBAYEQUE,LAMBAYEQUE,MOCHUMI,TEPO,-6.527647,-79.874567,106,405
LAMBAYEQUE,LAMBAYEQUE,MOCHUMI,LOS CORONADOS,-6.582178,-79.865643,99,401
LAMBAYEQUE,CHICLAYO,CAYALTI,COJAL,-6.888289,-79.500118,117,396
LAMBAYEQUE,CHICLAYO,MONSEFU,MICARCAPE,-6.852188,-79.837594,102,395
LAMBAYEQUE,CHICLAYO,MONSEFU,CUSTODIO,-6.831624,-79.800884,92,392
LAMBAYEQUE,FERRE헤FE,PITIPO,LOS AGUILARES,-6.48484,-79.716077,103,392
LAMBAYEQUE,LAMBAYEQUE,MORROPE,PUPLAN,-6.478222,-79.929722,80,387
LAMBAYEQUE,CHICLAYO,TUMAN,LA GRANJA,-6.795653,-79.686675,91,384
LAMBAYEQUE,CHICLAYO,MONSEFU,CALAZAN,-6.857754,-79.840818,96,382
LAMBAYEQUE,LAMBAYEQUE,MOCHUMI,PUNTO UNO,-6.571962,-79.871522,112,382
LAMBAYEQUE,CHICLAYO,MONSEFU,POMAPE,-6.847336,-79.869875,87,378
LAMBAYEQUE,LAMBAYEQUE,SALAS,TEMPON BAJO,-6.281613,-79.658223,106,377
LAMBAYEQUE,LAMBAYEQUE,TUCUME,SASAPE VIEJO (HACIENDA VIEJA),-6.510507,-79.90471,89,377
LAMBAYEQUE,LAMBAYEQUE,JAYANCA,CAHUIDE,-6.371055,-79.802585,108,376
LAMBAYEQUE,LAMBAYEQUE,MOTUPE,MONDRAGON,-6.181535,-79.739132,100,376
LAMBAYEQUE,LAMBAYEQUE,PACORA,PUEBLO VIEJO,-6.418591,-79.839269,88,375
LAMBAYEQUE,LAMBAYEQUE,MORROPE,SAN SEBASTIAN,-6.517996,-80.012744,77,373
LAMBAYEQUE,FERRE헤FE,PITIPO,SANTA CLARA BAJA,-6.455365,-79.738802,101,372
LAMBAYEQUE,LAMBAYEQUE,MOTUPE,MOLINO DEL CARMEN,-6.124593,-79.667848,106,371
LAMBAYEQUE,LAMBAYEQUE,TUCUME,LOS REYNOZAS,-6.4855,-79.91633,78,368
LAMBAYEQUE,LAMBAYEQUE,TUCUME,BELLA LIDIA,-6.492122,-79.905938,86,365
LAMBAYEQUE,CHICLAYO,REQUE,RAMA REPEPTOR,-6.875592,-79.822095,94,363
LAMBAYEQUE,LAMBAYEQUE,JAYANCA,NORIA NUEVA,-6.310107,-79.720532,98,363
LAMBAYEQUE,LAMBAYEQUE,MOTUPE,CRUZ VERDE,-6.116009,-79.713294,89,360
LAMBAYEQUE,LAMBAYEQUE,OLMOS,SEQUION,-5.870936,-79.843708,92,354
LAMBAYEQUE,CHICLAYO,REQUE,LA CLAKE,-6.864045,-79.807182,89,352
LAMBAYEQUE,CHICLAYO,REQUE,POTRERO,-6.858112,-79.811157,79,351
LAMBAYEQUE,CHICLAYO,PATAPO,PROGRESO,-6.726522,-79.582605,92,347
LAMBAYEQUE,LAMBAYEQUE,MORROPE,SAN ISIDRO,-6.503355,-79.933268,74,347
LAMBAYEQUE,LAMBAYEQUE,OLMOS,SAN CRISTOBAL GRANDE,-5.88573,-79.941148,93,347
LAMBAYEQUE,LAMBAYEQUE,TUCUME,TAYMI,-6.474272,-79.882078,71,347
LAMBAYEQUE,FERRE헤FE,PITIPO,HUACA PARTIDA,-6.486742,-79.743307,89,346
LAMBAYEQUE,CHICLAYO,MONSEFU,VILLA SAUL,-6.835359,-79.81144,89,344
LAMBAYEQUE,LAMBAYEQUE,OLMOS,LAGUNA LARGA,-5.862049,-79.862472,93,344
LAMBAYEQUE,LAMBAYEQUE,ILLIMO,CHIRIMOYO ALTO,-6.47841,-79.869333,74,340
LAMBAYEQUE,LAMBAYEQUE,JAYANCA,EL VERDE,-6.440795,-79.704046,107,340
LAMBAYEQUE,LAMBAYEQUE,SAN JOSE,GALLITO,-6.768057,-79.94485,90,339
LAMBAYEQUE,LAMBAYEQUE,MOCHUMI,LA CAPILLA,-6.590342,-79.853352,87,338
LAMBAYEQUE,LAMBAYEQUE,SAN JOSE,BALDERA,-6.793308,-79.933195,80,338
LAMBAYEQUE,LAMBAYEQUE,MORROPE,OLLERIA,-6.500265,-80.000584,76,337
LAMBAYEQUE,LAMBAYEQUE,OLMOS,ESCUTE,-5.759919,-79.882678,67,337
LAMBAYEQUE,LAMBAYEQUE,OLMOS,LAS PAMPAS,-5.887111,-79.783995,89,337
LAMBAYEQUE,LAMBAYEQUE,TUCUME,LA PAYESA,-6.497945,-79.837692,68,336
LAMBAYEQUE,LAMBAYEQUE,JAYANCA,EL MARCO,-6.408672,-79.742752,98,334
LAMBAYEQUE,LAMBAYEQUE,MORROPE,LAS MERCEDES,-6.51185,-79.927127,67,332
LAMBAYEQUE,CHICLAYO,CHONGOYAPE,LAS COLMENAS,-6.616233,-79.408042,92,329
LAMBAYEQUE,LAMBAYEQUE,MOTUPE,LETICIA,-6.125147,-79.714658,88,328
LAMBAYEQUE,LAMBAYEQUE,MOCHUMI,LA PAVA HUACA BLANCA TRAPICHE,-6.523648,-79.901237,99,327
LAMBAYEQUE,LAMBAYEQUE,MOTUPE,EL ZARCO,-6.173583,-79.74883,80,326
LAMBAYEQUE,LAMBAYEQUE,TUCUME,LA PINTADA,-6.491947,-79.857087,69,326
LAMBAYEQUE,LAMBAYEQUE,OLMOS,EL MILAGRO,-5.939186,-80.107604,62,325
LAMBAYEQUE,LAMBAYEQUE,JAYANCA,LA TOMASITA,-6.39621,-79.850167,78,323
LAMBAYEQUE,LAMBAYEQUE,MORROPE,INNECHE,-6.511759,-80.014146,74,318
LAMBAYEQUE,LAMBAYEQUE,PACORA,EL PORVENIR,-6.444673,-79.777305,66,315
LAMBAYEQUE,CHICLAYO,PATAPO,PUENTE TULIPE,-6.731537,-79.561638,81,313
LAMBAYEQUE,CHICLAYO,MONSEFU,PONCOY,-6.857323,-79.872873,67,312
LAMBAYEQUE,LAMBAYEQUE,ILLIMO,LA IGLESIA,-6.48786,-79.845402,76,311
LAMBAYEQUE,LAMBAYEQUE,ILLIMO,SAN JUAN,-6.468265,-79.87562,82,309
LAMBAYEQUE,CHICLAYO,OYOTUN,LA COMPUERTA,-6.849306,-79.352616,122,307
LAMBAYEQUE,LAMBAYEQUE,TUCUME,TABACAL,-6.491039,-79.888454,58,307
LAMBAYEQUE,CHICLAYO,MONSEFU,ALICAN BAJO,-6.831366,-79.791945,68,306
LAMBAYEQUE,LAMBAYEQUE,OLMOS,PASAJE SUR,-5.918539,-79.972789,64,304
LAMBAYEQUE,CHICLAYO,POMALCA,CASA DE MADERA,-6.797572,-79.727906,87,297
LAMBAYEQUE,CHICLAYO,MONSEFU,ALGARROBOS,-6.866841,-79.856865,78,296
LAMBAYEQUE,LAMBAYEQUE,MOTUPE,PRADA,-6.192092,-79.715333,77,296
LAMBAYEQUE,LAMBAYEQUE,MOTUPE,APURLEC,-6.260235,-79.731358,98,296
LAMBAYEQUE,LAMBAYEQUE,LAMBAYEQUE,SAN MIGUEL,-6.662658,-79.897045,68,294
LAMBAYEQUE,LAMBAYEQUE,MOCHUMI,COLLIQUE,-6.55261,-79.855955,75,293
LAMBAYEQUE,LAMBAYEQUE,OLMOS,EL PUEBLITO,-5.893879,-79.726065,78,292
LAMBAYEQUE,LAMBAYEQUE,OLMOS,FICUAR,-5.918275,-80.095478,62,292
LAMBAYEQUE,LAMBAYEQUE,PACORA,CASA EMBARRADA,-6.406777,-79.870955,83,292
LAMBAYEQUE,CHICLAYO,CHICLAYO,SAN LUIS,-6.825401,-79.813804,71,288
LAMBAYEQUE,LAMBAYEQUE,MORROPE,SANTA ELENA,-6.520764,-79.954227,56,288
LAMBAYEQUE,CHICLAYO,MONSEFU,CUSUPE,-6.858887,-79.844046,68,287
LAMBAYEQUE,LAMBAYEQUE,OLMOS,EL CARDO,-5.856348,-79.883802,67,287
LAMBAYEQUE,LAMBAYEQUE,MOTUPE,SAN ISIDRO,-6.230882,-79.711955,79,285
LAMBAYEQUE,LAMBAYEQUE,PACORA,SAN ISIDRO (HUACA TRAPICHE),-6.453882,-79.922495,59,285
LAMBAYEQUE,LAMBAYEQUE,TUCUME,EL CARMEN,-6.491647,-79.831283,61,284
LAMBAYEQUE,FERRE헤FE,PITIPO,PATAPON,-6.479682,-79.614218,82,282
LAMBAYEQUE,LAMBAYEQUE,MOTUPE,SONOLIPE,-6.158073,-79.694228,89,282
LAMBAYEQUE,LAMBAYEQUE,ILLIMO,SAN ISIDRO,-6.45374,-79.87824,73,280
LAMBAYEQUE,FERRE헤FE,PITIPO,SANTA CLARA ALTA,-6.458162,-79.690918,77,279
LAMBAYEQUE,LAMBAYEQUE,MOTUPE,SANTA ROSA,-6.049857,-79.681352,74,278
LAMBAYEQUE,LAMBAYEQUE,JAYANCA,LOS ANGELES,-6.333785,-79.801083,75,277
LAMBAYEQUE,LAMBAYEQUE,LAMBAYEQUE,EUREKA,-6.708515,-79.854454,59,275
LAMBAYEQUE,LAMBAYEQUE,ILLIMO,CULPON BAJO,-6.457353,-79.85326,72,273
LAMBAYEQUE,LAMBAYEQUE,ILLIMO,CHIRIMOYO BAJO,-6.478865,-79.878635,58,273
LAMBAYEQUE,LAMBAYEQUE,OLMOS,ESTANCIA CHICA,-5.891769,-79.805991,72,272
LAMBAYEQUE,LAMBAYEQUE,MOCHUMI,CRUCE SANDOVAL,-6.53333,-79.865395,67,271
LAMBAYEQUE,LAMBAYEQUE,SALAS,LA PE헤,-6.306288,-79.635778,84,269
LAMBAYEQUE,LAMBAYEQUE,LAMBAYEQUE,CADAPE,-6.673314,-79.878659,52,266
LAMBAYEQUE,LAMBAYEQUE,MORROPE,CUCUFANA,-6.499617,-80.026324,52,265
LAMBAYEQUE,LAMBAYEQUE,OLMOS,PASABAR LA GRANJA,-5.831729,-79.817695,74,263
LAMBAYEQUE,LAMBAYEQUE,TUCUME,VERA (SANTOS VERA),-6.502788,-79.832923,72,262
LAMBAYEQUE,CHICLAYO,ETEN,CASCAJALES,-6.894233,-79.844145,64,258
LAMBAYEQUE,LAMBAYEQUE,MORROPE,LAS DELICIAS,-6.52506,-79.961493,56,258
LAMBAYEQUE,LAMBAYEQUE,MOTUPE,LOS SANCHEZ,-6.188197,-79.735638,65,258
LAMBAYEQUE,LAMBAYEQUE,PACORA,LOS BANCES,-6.4262,-79.871963,66,258
LAMBAYEQUE,LAMBAYEQUE,MOCHUMI,MUY FINCA RAMA DIAZ C CHI,-6.587122,-79.910245,61,257
LAMBAYEQUE,LAMBAYEQUE,LAMBAYEQUE,MARIATEGUI,-6.716005,-79.858142,47,254
LAMBAYEQUE,LAMBAYEQUE,JAYANCA,EL MARQUEZ,-6.34278,-79.76793,72,253
LAMBAYEQUE,CHICLAYO,MONSEFU,HUACA LA CRUZ,-6.845384,-79.852132,81,252
LAMBAYEQUE,LAMBAYEQUE,TUCUME,MENDOZA CAMPODONICO,-6.511352,-79.90712,51,252
LAMBAYEQUE,CHICLAYO,PATAPO,PROGRESO ALTO,-6.719705,-79.573817,71,251
LAMBAYEQUE,LAMBAYEQUE,OLMOS,LAGUNA CHICA,-5.875232,-79.873998,70,251
LAMBAYEQUE,LAMBAYEQUE,TUCUME,EL MILAGRO,-6.479642,-79.918243,58,251
LAMBAYEQUE,CHICLAYO,REQUE,PUERTO ARTURO,-6.858453,-79.816114,68,250
LAMBAYEQUE,FERRE헤FE,PITIPO,TRES PUENTES B,-6.45714,-79.650817,66,249
LAMBAYEQUE,CHICLAYO,TUMAN,EL TRIUNFO,-6.776877,-79.708648,69,248
LAMBAYEQUE,LAMBAYEQUE,PACORA,LAS JUNTAS BAJA,-6.443355,-79.87097,73,247
LAMBAYEQUE,LAMBAYEQUE,JAYANCA,CAUTIVO,-6.40757,-79.830403,63,244
LAMBAYEQUE,CHICLAYO,OYOTUN,ESPINAL,-6.819611,-79.202495,85,243
LAMBAYEQUE,LAMBAYEQUE,TUCUME,LOS RIOJAS,-6.47062,-79.905627,52,242
LAMBAYEQUE,LAMBAYEQUE,TUCUME,EL PAVO,-6.501288,-79.836863,48,242
LAMBAYEQUE,LAMBAYEQUE,OLMOS,HUALTACAL CHICO,-5.817601,-79.871233,54,241
LAMBAYEQUE,LAMBAYEQUE,TUCUME,LA ARENA,-6.476475,-79.903437,53,241
LAMBAYEQUE,LAMBAYEQUE,LAMBAYEQUE,EL PAPAYO,-6.60679,-79.890536,50,240
LAMBAYEQUE,LAMBAYEQUE,ILLIMO,COMPUERTA MARCELO,-6.472927,-79.879043,52,238
LAMBAYEQUE,LAMBAYEQUE,SAN JOSE,EL NAZARENO,-6.768925,-79.948492,66,238
LAMBAYEQUE,LAMBAYEQUE,MOCHUMI,SALITRAL,-6.551568,-79.842925,55,237
LAMBAYEQUE,LAMBAYEQUE,OLMOS,CRUZ BLANCA,-5.909975,-79.815055,56,237
LAMBAYEQUE,CHICLAYO,PUCALA,CABALLO BLANCO,-6.779887,-79.54408,67,236
LAMBAYEQUE,LAMBAYEQUE,JAYANCA,OJO DE TORO PARTE ALTA,-6.437202,-79.746902,50,233
LAMBAYEQUE,CHICLAYO,PATAPO,POSOPE BAJO,-6.714178,-79.664612,66,232
LAMBAYEQUE,LAMBAYEQUE,LAMBAYEQUE,SAN PEDRO,-6.74533,-79.897393,54,232
LAMBAYEQUE,LAMBAYEQUE,TUCUME,ZAPOTAL,-6.489597,-79.882427,45,232
LAMBAYEQUE,CHICLAYO,SA헤,COLLIQUE BAJO,-6.827803,-79.56466,62,231
LAMBAYEQUE,LAMBAYEQUE,OLMOS,LAS PAMPAS DE CHICOMAS,-5.903918,-79.772182,60,231
LAMBAYEQUE,LAMBAYEQUE,MOTUPE,HUAMANTANGA,-6.192428,-79.734647,51,230
LAMBAYEQUE,LAMBAYEQUE,OLMOS,BRISAS DEL RIO DE OLMOS,-5.994255,-79.735445,87,230
LAMBAYEQUE,LAMBAYEQUE,MOTUPE,HUMEDADES,-6.187967,-79.78031,63,229
LAMBAYEQUE,LAMBAYEQUE,ILLIMO,CULPON ALTO,-6.46795,-79.834207,66,228
LAMBAYEQUE,LAMBAYEQUE,MOCHUMI,SAN CARLOS,-6.526172,-79.917442,46,227
LAMBAYEQUE,LAMBAYEQUE,TUCUME,PUENTE TABLA,-6.493601,-79.887557,65,227
LAMBAYEQUE,LAMBAYEQUE,TUCUME,ALTO PERU,-6.470998,-79.907086,47,227
LAMBAYEQUE,LAMBAYEQUE,OLMOS,EL PROGRESO,-5.752379,-79.923257,59,226
LAMBAYEQUE,CHICLAYO,TUMAN,VICHAYAL,-6.706309,-79.677735,62,225
LAMBAYEQUE,LAMBAYEQUE,LAMBAYEQUE,SIALUPE BACA EL GA헤N,-6.631905,-79.890045,45,224
LAMBAYEQUE,CHICLAYO,CAYALTI,LA CURVA,-6.909182,-79.515117,62,222
LAMBAYEQUE,LAMBAYEQUE,LAMBAYEQUE,DEMETRIO ACOSTA CHUEZ,-6.651162,-79.89404,47,222
LAMBAYEQUE,LAMBAYEQUE,OLMOS,PASABAR ASERRADERO,-5.842731,-79.809945,60,222
LAMBAYEQUE,LAMBAYEQUE,MOCHUMI,SAN SEBASTIAN,-6.528705,-79.84313,55,221
LAMBAYEQUE,LAMBAYEQUE,MORROPE,MURO,-6.496557,-79.935565,47,221
LAMBAYEQUE,LAMBAYEQUE,PACORA,HUACA RIVERA,-6.450202,-79.825353,70,221
LAMBAYEQUE,FERRE헤FE,PITIPO,SANDIAL,-6.473392,-79.713368,59,220
LAMBAYEQUE,LAMBAYEQUE,MOTUPE,EL ZAPOTE,-6.092706,-79.732924,64,219
LAMBAYEQUE,LAMBAYEQUE,TUCUME,SALINAS CHANCAY (SALINAS SUR),-6.499625,-79.813028,47,219
LAMBAYEQUE,LAMBAYEQUE,MOTUPE,CERCO QUEMADO,-6.190437,-79.711977,56,218
LAMBAYEQUE,LAMBAYEQUE,TUCUME,SALINAS NORTE,-6.49336,-79.819913,48,218
LAMBAYEQUE,LAMBAYEQUE,TUCUME,EL ARENAL,-6.497272,-79.828658,46,218
LAMBAYEQUE,LAMBAYEQUE,OLMOS,CALERA SANTA ROSA,-5.837034,-79.884172,52,217
LAMBAYEQUE,CHICLAYO,POMALCA,LAS PALMERAS,-6.78106,-79.775583,58,216
LAMBAYEQUE,LAMBAYEQUE,LAMBAYEQUE,NUEVO SAN MIGUEL,-6.663567,-79.914107,48,216
LAMBAYEQUE,LAMBAYEQUE,MOTUPE,SAN JOSE,-6.203675,-79.745868,54,215
LAMBAYEQUE,LAMBAYEQUE,OLMOS,EL TRIUNFO,-5.871711,-79.831898,52,215
LAMBAYEQUE,LAMBAYEQUE,MOCHUMI,PALO PARADO,-6.592873,-79.863735,56,214
LAMBAYEQUE,FERRE헤FE,PITIPO,LA PARED,-6.558093,-79.806525,69,210
LAMBAYEQUE,LAMBAYEQUE,MOTUPE,ALTO PERU,-6.104218,-79.657663,50,210
LAMBAYEQUE,LAMBAYEQUE,MORROPE,EL PORVENIR,-6.507333,-79.972691,43,209
LAMBAYEQUE,CHICLAYO,PICSI,EL FAICALITO,-6.683782,-79.834138,48,208
LAMBAYEQUE,LAMBAYEQUE,JAYANCA,OJO DE TORO PARTE BAJA,-6.417743,-79.795188,53,208
LAMBAYEQUE,LAMBAYEQUE,LAMBAYEQUE,SIALUPE BACA PUNTO CUATRO,-6.59869,-79.896251,41,207
LAMBAYEQUE,LAMBAYEQUE,PACORA,SANTA ISABEL,-6.430247,-79.900437,50,207
LAMBAYEQUE,LAMBAYEQUE,MOTUPE,QUINA QUINA,-6.204977,-79.684953,55,206
LAMBAYEQUE,LAMBAYEQUE,SAN JOSE,HUACA BLANCA,-6.78159,-79.946032,51,206
LAMBAYEQUE,LAMBAYEQUE,MORROPE,MONTE VERDE,-6.449614,-79.944447,47,203
LAMBAYEQUE,LAMBAYEQUE,OLMOS,PASABAR OLEODUCTO,-5.857971,-79.800636,52,203
LAMBAYEQUE,LAMBAYEQUE,SALAS,LA ALITA,-6.306297,-79.653677,60,203
LAMBAYEQUE,LAMBAYEQUE,LAMBAYEQUE,NARANJAL,-6.710457,-79.858694,35,200
LAMBAYEQUE,LAMBAYEQUE,JAYANCA,PURISIMA CONCEPCION SECTOR C,-6.314002,-79.758563,55,199
LAMBAYEQUE,LAMBAYEQUE,MORROPE,SANTA ROSA,-6.514806,-79.923101,40,198
LAMBAYEQUE,LAMBAYEQUE,OLMOS,COOPERATIVA SAN FRANCISCO DE ASIS,-5.761868,-79.830052,49,198
LAMBAYEQUE,FERRE헤FE,PITIPO,MANCHURIA A,-6.436053,-79.625517,53,197
LAMBAYEQUE,FERRE헤FE,PITIPO,LA CAMPANA,-6.467887,-79.662043,47,196
LAMBAYEQUE,LAMBAYEQUE,MOCHUMI,HUACA QUEMADA,-6.535843,-79.883233,55,196
LAMBAYEQUE,LAMBAYEQUE,TUCUME,EL SIFON,-6.520567,-79.824375,52,196
LAMBAYEQUE,CHICLAYO,MONSEFU,EL PALMO,-6.868871,-79.863597,38,195
LAMBAYEQUE,FERRE헤FE,PITIPO,LA CURVA,-6.48715,-79.752188,52,193
LAMBAYEQUE,LAMBAYEQUE,MOCHUMI,BURGA,-6.524238,-79.817597,46,193
LAMBAYEQUE,LAMBAYEQUE,PACORA,MATRIZ COMUNIDAD,-6.427554,-79.80999,45,190
LAMBAYEQUE,CHICLAYO,CAYALTI,GUAYAQUIL,-6.911193,-79.49046,54,186
LAMBAYEQUE,LAMBAYEQUE,OLMOS,PASABAR LOS MAYANGAS,-5.844345,-79.827499,50,186
LAMBAYEQUE,LAMBAYEQUE,LAMBAYEQUE,SIALUPE BACA RIO HONDO,-6.60737,-79.913119,40,185
LAMBAYEQUE,LAMBAYEQUE,ILLIMO,SAN JORGE,-6.474788,-79.834418,37,185
LAMBAYEQUE,LAMBAYEQUE,MORROPE,LAS PALMERAS,-6.520199,-79.969361,39,185
LAMBAYEQUE,LAMBAYEQUE,OLMOS,CRUCE JAEN ANTIGUO (EL DESVIO),-5.990605,-79.698583,47,185
LAMBAYEQUE,CHICLAYO,TUMAN,LA PUNTA,-6.816722,-79.665935,44,183
LAMBAYEQUE,LAMBAYEQUE,LAMBAYEQUE,SIALUPE HUAMANTANGA LOS MESTAS,-6.62459,-79.864671,43,183
LAMBAYEQUE,LAMBAYEQUE,MOTUPE,PUEBLO NUEVO SALITRAL,-6.131002,-79.729232,53,182
LAMBAYEQUE,LAMBAYEQUE,OLMOS,SAN CRISTOBAL CHICO,-5.885557,-79.907615,51,180
LAMBAYEQUE,LAMBAYEQUE,MOCHUMI,HUACA DE TORO,-6.5893,-79.94272,44,179
LAMBAYEQUE,LAMBAYEQUE,MOTUPE,CRUZ DE VALDERA,-6.218318,-79.741905,45,179
LAMBAYEQUE,CHICLAYO,SA헤,POPAN BAJO,-6.883387,-79.592145,52,177
LAMBAYEQUE,FERRE헤FE,MANUEL ANTONIO MESONES MURO,EL TRIUNFO,-6.694,-79.675302,48,176
LAMBAYEQUE,FERRE헤FE,PITIPO,MOCHUMANO,-6.472622,-79.69335,44,176
LAMBAYEQUE,LAMBAYEQUE,LAMBAYEQUE,SIALUPE BACA SECTOR I,-6.598376,-79.88689,31,176
LAMBAYEQUE,LAMBAYEQUE,OLMOS,VINGUAR CHICO,-5.954946,-79.965198,35,176
LAMBAYEQUE,LAMBAYEQUE,MORROPE,SAN CARLOS,-6.526315,-79.960295,40,175
LAMBAYEQUE,CHICLAYO,POMALCA,EL COMBO,-6.765083,-79.729763,43,174
LAMBAYEQUE,LAMBAYEQUE,MORROPE,LAS MERCEDES,-6.498443,-79.973572,37,174
LAMBAYEQUE,LAMBAYEQUE,OLMOS,CHOLOPE,-5.930805,-79.958983,29,174
LAMBAYEQUE,LAMBAYEQUE,OLMOS,AGUA SANTA,-5.937335,-79.794066,43,174
LAMBAYEQUE,CHICLAYO,PATAPO,PROGRESO BAJO,-6.730515,-79.591883,46,173
LAMBAYEQUE,CHICLAYO,POMALCA,BUENOS AIRES,-6.827107,-79.791743,38,173
LAMBAYEQUE,LAMBAYEQUE,OLMOS,SE헲R DE LOS MILAGROS,-5.759014,-79.846552,45,173
LAMBAYEQUE,CHICLAYO,REQUE,LA CALERA II,-6.817888,-79.745907,51,171
LAMBAYEQUE,LAMBAYEQUE,TUCUME,PUPLAN,-6.47458,-79.922915,37,171
LAMBAYEQUE,LAMBAYEQUE,OLMOS,TIERRA RAJADA,-5.742077,-79.9356,40,170
LAMBAYEQUE,CHICLAYO,PATAPO,CRUCE BATANGRANDE,-6.730007,-79.651592,46,169
LAMBAYEQUE,LAMBAYEQUE,OLMOS,ANCOL CHICO,-5.920687,-80.045953,41,169
LAMBAYEQUE,LAMBAYEQUE,ILLIMO,COLOCHE,-6.45693,-79.873345,42,168
LAMBAYEQUE,CHICLAYO,PATAPO,CONCHUCOS,-6.732777,-79.65318,42,167
LAMBAYEQUE,LAMBAYEQUE,MOCHUMI,SAN ROQUE,-6.57637,-79.843525,45,166
LAMBAYEQUE,LAMBAYEQUE,OLMOS,VIRGEN DEL CARMEN,-5.778121,-79.857251,45,165
LAMBAYEQUE,CHICLAYO,MONSEFU,ACEQUIA GRANDE,-6.855561,-79.845455,34,163
LAMBAYEQUE,FERRE헤FE,MANUEL ANTONIO MESONES MURO,EL ALTO,-6.6002,-79.749092,48,162
LAMBAYEQUE,LAMBAYEQUE,ILLIMO,LAS JUNTAS,-6.451895,-79.856873,43,161
LAMBAYEQUE,LAMBAYEQUE,MORROPE,CHAPO헤N,-6.508087,-79.927893,29,161
LAMBAYEQUE,LAMBAYEQUE,TUCUME,SEQUIONES,-6.459722,-79.907282,40,161
LAMBAYEQUE,FERRE헤FE,PITIPO,LA PAZ,-6.47192,-79.633282,45,160
LAMBAYEQUE,LAMBAYEQUE,TUCUME,BACA,-6.474725,-79.922647,35,160
LAMBAYEQUE,CHICLAYO,MONSEFU,MUYSIL,-6.855815,-79.837096,35,159
LAMBAYEQUE,CHICLAYO,SA헤,SAN RAFAEL,-6.948271,-79.597034,44,159
LAMBAYEQUE,CHICLAYO,CAYALTI,POPAN ALTO,-6.87572,-79.57474,48,159
LAMBAYEQUE,CHICLAYO,PUCALA,ARBULU,-6.77217,-79.63616,53,159
LAMBAYEQUE,CHICLAYO,TUMAN,LOS CAJUSOLES,-6.703285,-79.68242,45,159
LAMBAYEQUE,LAMBAYEQUE,OLMOS,SANTA ROSA,-5.898161,-79.849816,39,159
LAMBAYEQUE,LAMBAYEQUE,ILLIMO,HUACA DE PIEDRA,-6.469822,-79.832138,46,158
LAMBAYEQUE,LAMBAYEQUE,OLMOS,CERRO TEODORO,-5.7837,-79.817809,39,158
LAMBAYEQUE,LAMBAYEQUE,OLMOS,HUALTACAL SANTA ROSA,-5.788591,-79.868528,39,158
LAMBAYEQUE,CHICLAYO,PICSI,HORCON I,-6.696932,-79.805185,42,157
LAMBAYEQUE,CHICLAYO,TUMAN,MORROPILLO NUEVO,-6.743588,-79.711124,47,157
LAMBAYEQUE,CHICLAYO,MONSEFU,PAYPAY,-6.844669,-79.82527,34,156
LAMBAYEQUE,LAMBAYEQUE,LAMBAYEQUE,SIALUPE BACA AUJEREADA,-6.632021,-79.91563,34,156
LAMBAYEQUE,CHICLAYO,PICSI,HORCON II,-6.693048,-79.81087,35,155
LAMBAYEQUE,FERRE헤FE,MANUEL ANTONIO MESONES MURO,EL PALTAR,-6.621613,-79.745208,48,155
LAMBAYEQUE,LAMBAYEQUE,MOTUPE,CRUCE SALAS,-6.299555,-79.756232,47,154
LAMBAYEQUE,LAMBAYEQUE,MOTUPE,LAS PAMPAS,-6.098463,-79.677283,34,152
LAMBAYEQUE,LAMBAYEQUE,OLMOS,LAS MERCEDES,-5.766006,-79.855108,40,152
LAMBAYEQUE,LAMBAYEQUE,TUCUME,LOS MIMBELA,-6.495858,-79.922012,29,152
LAMBAYEQUE,LAMBAYEQUE,LAMBAYEQUE,SAN ANTONIO DE PADUA,-6.636373,-79.881006,32,149
LAMBAYEQUE,LAMBAYEQUE,MORROPE,CRUCE MORALES,-6.4768,-79.944212,41,149
LAMBAYEQUE,LAMBAYEQUE,OLMOS,LAUCHA GRANDE,-5.915726,-79.921997,36,149
LAMBAYEQUE,LAMBAYEQUE,MOCHUMI,MUY FINCA RAMA CARRIZO,-6.548222,-79.914228,34,148
LAMBAYEQUE,CHICLAYO,CAYALTI,EL CAFETAL,-6.888425,-79.521307,43,147
LAMBAYEQUE,LAMBAYEQUE,ILLIMO,CRUZ VERDE,-6.474952,-79.841618,38,146
LAMBAYEQUE,FERRE헤FE,PITIPO,LA LIBERTAD,-6.393453,-79.491193,43,145
LAMBAYEQUE,FERRE헤FE,PITIPO,LA CAMPANA C,-6.478277,-79.669878,40,144
LAMBAYEQUE,FERRE헤FE,PUEBLO NUEVO,MACALOPU-LAS LOMAS,-6.602837,-79.844258,34,144
LAMBAYEQUE,LAMBAYEQUE,PACORA,PUENTE MACHUCA,-6.438863,-79.848873,39,143
LAMBAYEQUE,LAMBAYEQUE,MOCHUMI,LOS PINOS,-6.588015,-79.888115,30,142
LAMBAYEQUE,LAMBAYEQUE,OLMOS,LA PONDEROSA,-5.74893,-79.848017,33,142
LAMBAYEQUE,CHICLAYO,PICSI,SAN JOSE,-6.737312,-79.743393,42,141
LAMBAYEQUE,LAMBAYEQUE,MORROPE,LOS REYES,-6.500045,-79.950949,26,141
LAMBAYEQUE,LAMBAYEQUE,OLMOS,TUNAPE,-6.032625,-79.812517,38,141
LAMBAYEQUE,CHICLAYO,CHONGOYAPE,BOCA DE TIGRE,-6.735695,-79.470322,45,140
LAMBAYEQUE,LAMBAYEQUE,LAMBAYEQUE,PUNTO NUEVE EL ARBUSTO,-6.638224,-79.902778,32,140
LAMBAYEQUE,LAMBAYEQUE,MOCHUMI,HUACA DE TORO MARIPOSO,-6.563992,-79.922343,37,140
LAMBAYEQUE,LAMBAYEQUE,OLMOS,CAPILLA CENTRAL,-5.629386,-79.883444,53,140
LAMBAYEQUE,CHICLAYO,LAGUNAS,MANCO CAPAC II,-6.983582,-79.635508,38,139
LAMBAYEQUE,CHICLAYO,MONSEFU,LOS MARINOS,-6.865506,-79.854964,36,139
LAMBAYEQUE,LAMBAYEQUE,SALAS,JARCHIPE,-6.280888,-79.632297,38,137
LAMBAYEQUE,CHICLAYO,MONSEFU,RAMA CUSUPE,-6.866551,-79.856314,30,136
LAMBAYEQUE,LAMBAYEQUE,LAMBAYEQUE,SAN NICOLAS,-6.729517,-79.895066,48,136
LAMBAYEQUE,LAMBAYEQUE,CHOCHOPE,SECTOR LINDERO,-6.148011,-79.674418,37,136
LAMBAYEQUE,LAMBAYEQUE,MORROPE,LOS SANCHEZ,-6.494156,-79.95394,25,136
LAMBAYEQUE,LAMBAYEQUE,JAYANCA,LADRILLERA EL MANGO,-6.346887,-79.779303,36,135
LAMBAYEQUE,LAMBAYEQUE,MORROPE,SAGRADO CORAZON DE JESUS,-6.501757,-79.928145,21,135
LAMBAYEQUE,LAMBAYEQUE,TUCUME,MOYOCUPE,-6.489225,-79.818753,32,135
LAMBAYEQUE,LAMBAYEQUE,OLMOS,LA ESPERANZA,-5.81457,-80.058202,27,134
LAMBAYEQUE,LAMBAYEQUE,MOTUPE,CUADRADO,-6.188793,-79.721475,36,133
LAMBAYEQUE,LAMBAYEQUE,TUCUME,LOS SANCHEZ,-6.496063,-79.832793,30,133
LAMBAYEQUE,CHICLAYO,OYOTUN,MACUACO,-6.802402,-79.23779,42,132
LAMBAYEQUE,CHICLAYO,CAYALTI,CHACARILLA,-6.909232,-79.567862,36,131
LAMBAYEQUE,LAMBAYEQUE,MOCHUMI,LA CALZADA,-6.56773,-79.862573,35,131
LAMBAYEQUE,CHICLAYO,OYOTUN,CHUMBENIQUE,-6.865822,-79.400267,49,130
LAMBAYEQUE,LAMBAYEQUE,MORROPE,EL PORVENIR,-6.489619,-79.943884,25,130
LAMBAYEQUE,LAMBAYEQUE,OLMOS,LA ALGODONERA,-6.109022,-79.926876,28,130
LAMBAYEQUE,LAMBAYEQUE,JAYANCA,SOLEDAD LA VICTORIA,-6.398168,-79.855967,32,129
LAMBAYEQUE,CHICLAYO,MONSEFU,CHOLOQUE,-6.860337,-79.847202,25,128
LAMBAYEQUE,FERRE헤FE,FERRE헤FE,HUACA LA YOVERA,-6.578261,-79.825786,36,127
LAMBAYEQUE,FERRE헤FE,MANUEL ANTONIO MESONES MURO,EL MILAGRO,-6.642933,-79.778322,29,126
LAMBAYEQUE,FERRE헤FE,PUEBLO NUEVO,MANRIQUE,-6.59504,-79.848472,31,126
LAMBAYEQUE,LAMBAYEQUE,LAMBAYEQUE,HUERTAS,-6.647695,-79.848138,14,126
LAMBAYEQUE,FERRE헤FE,MANUEL ANTONIO MESONES MURO,LA ESPERANZA,-6.686333,-79.68823,31,125
LAMBAYEQUE,FERRE헤FE,PITIPO,POMA III,-6.439155,-79.803363,29,125
LAMBAYEQUE,FERRE헤FE,PUEBLO NUEVO,LAS LOMAS,-6.596103,-79.842842,45,125
LAMBAYEQUE,LAMBAYEQUE,MOCHUMI,MUY FINCA RAMA DIAZ C GRANDE,-6.574718,-79.904762,31,125
LAMBAYEQUE,LAMBAYEQUE,MOTUPE,CHITARRA,-6.142313,-79.713995,33,125
LAMBAYEQUE,CHICLAYO,SA헤,PALOMINO,-6.94283,-79.601573,44,124
LAMBAYEQUE,FERRE헤FE,PITIPO,LA CAMPANA D,-6.47452,-79.684472,32,124
LAMBAYEQUE,FERRE헤FE,PUEBLO NUEVO,FALA SECTOR II,-6.664078,-79.815075,36,124
LAMBAYEQUE,CHICLAYO,CHONGOYAPE,PAMPA DE TABLAZOS,-6.683202,-79.413323,36,123
LAMBAYEQUE,FERRE헤FE,PITIPO,CAMPANA F,-6.475862,-79.649377,35,123
LAMBAYEQUE,LAMBAYEQUE,JAYANCA,NUEVO JAYANCA,-6.396121,-79.834626,63,123
LAMBAYEQUE,LAMBAYEQUE,MORROPE,LA FLORIDA,-6.492884,-79.949684,26,123
LAMBAYEQUE,LAMBAYEQUE,MORROPE,INO헤N,-6.50296,-79.92605,20,123
LAMBAYEQUE,LAMBAYEQUE,PACORA,EL ALAMO,-6.443305,-79.85183,37,123
LAMBAYEQUE,FERRE헤FE,MANUEL ANTONIO MESONES MURO,MAMAPE,-6.657,-79.752743,33,122
LAMBAYEQUE,FERRE헤FE,PITIPO,MANCHURIA B,-6.441877,-79.623153,29,122
LAMBAYEQUE,LAMBAYEQUE,MORROPE,HUAYAQUIL,-6.49656,-79.951423,30,122
LAMBAYEQUE,LAMBAYEQUE,TUCUME,DAMIANES,-6.474472,-79.934547,25,122
LAMBAYEQUE,LAMBAYEQUE,MOTUPE,YOCAPE,-6.068063,-79.64756,31,121
LAMBAYEQUE,LAMBAYEQUE,PACORA,SE헲R DE LUREN,-6.439083,-79.887678,35,120
LAMBAYEQUE,LAMBAYEQUE,SALAS,HUMEDADES ALTO,-6.2928,-79.675323,37,120
LAMBAYEQUE,LAMBAYEQUE,OLMOS,VINGUAR GRANDE,-5.990622,-79.980333,20,119
LAMBAYEQUE,CHICLAYO,CAYALTI,SANTA ROSA ALTA,-6.882347,-79.570017,34,118
LAMBAYEQUE,LAMBAYEQUE,MORROPE,EL LAUREL,-6.500687,-79.940668,24,118
LAMBAYEQUE,FERRE헤FE,PITIPO,HUACHO SAN ISIDRO,-6.467078,-79.634257,27,117
LAMBAYEQUE,CHICLAYO,CHONGOYAPE,WADINGTON ALTO,-6.723922,-79.4482,42,116
LAMBAYEQUE,FERRE헤FE,PITIPO,LA PANGOLA,-6.491458,-79.692267,37,116
LAMBAYEQUE,LAMBAYEQUE,MOTUPE,CHOLOCAL,-6.234429,-79.730818,34,116
LAMBAYEQUE,LAMBAYEQUE,OLMOS,CHUNCAR,-5.922373,-80.14428,18,116
LAMBAYEQUE,LAMBAYEQUE,OLMOS,SAN PABLO,-5.893411,-79.83768,30,116
LAMBAYEQUE,LAMBAYEQUE,MOCHUMI,SIALUPE BACA,-6.596135,-79.88375,25,115
LAMBAYEQUE,LAMBAYEQUE,MORROPE,LOS SANCHEZ,-6.515427,-79.967548,22,115
LAMBAYEQUE,LAMBAYEQUE,PACORA,HUACA BANDERA,-6.373843,-79.929417,56,114
LAMBAYEQUE,CHICLAYO,MONSEFU,PUENTE GRANDE,-6.843951,-79.82816,23,113
LAMBAYEQUE,CHICLAYO,CAYALTI,CORRAL DE PALOS,-6.896187,-79.531485,33,113
LAMBAYEQUE,LAMBAYEQUE,JAYANCA,VICTOR RAUL,-6.358563,-79.803205,32,113
LAMBAYEQUE,LAMBAYEQUE,MORROPE,TRAPICHE,-6.49105,-79.929882,26,111
LAMBAYEQUE,CHICLAYO,LAGUNAS,SAN PEDRO,-7.052848,-79.716037,31,110
LAMBAYEQUE,LAMBAYEQUE,OLMOS,MI SALVADOR,-5.918453,-80.185213,22,109
LAMBAYEQUE,LAMBAYEQUE,SALAS,PUEBLO NUEVO,-6.293052,-79.697293,29,109
LAMBAYEQUE,FERRE헤FE,MANUEL ANTONIO MESONES MURO,LA PRIMAVERA,-6.645035,-79.735315,30,108
LAMBAYEQUE,FERRE헤FE,PUEBLO NUEVO,CHECLEFE,-6.596818,-79.825383,33,107
LAMBAYEQUE,LAMBAYEQUE,LAMBAYEQUE,"SIALUPE HUAMANTANGA SECTOR 7
(BORJA CHICO)",-6.605157,-79.865494,20,107
LAMBAYEQUE,FERRE헤FE,MANUEL ANTONIO MESONES MURO,LA OTRA BANDA,-6.64445,-79.73477,30,106
LAMBAYEQUE,FERRE헤FE,PITIPO,NUEVO SAN LUIS,-6.461088,-79.637958,27,106
LAMBAYEQUE,LAMBAYEQUE,MORROPE,CARRIZAL,-6.504188,-79.986719,25,106
LAMBAYEQUE,LAMBAYEQUE,OLMOS,ANCOL BUENOS AIRES,-5.936391,-80.082069,23,106
LAMBAYEQUE,LAMBAYEQUE,OLMOS,AGUA BLANCA,-5.941149,-79.6189,27,106
LAMBAYEQUE,CHICLAYO,PATAPO,TULIPE,-6.736242,-79.600333,26,105
LAMBAYEQUE,LAMBAYEQUE,MOCHUMI,EL PALMO,-6.5474,-79.873112,36,105
LAMBAYEQUE,LAMBAYEQUE,OLMOS,VEGA DEL PADRE,-5.781723,-80.02871,23,104
LAMBAYEQUE,CHICLAYO,CAYALTI,NUEVA ESPERANZA,-6.884165,-79.513977,33,103
LAMBAYEQUE,LAMBAYEQUE,MORROPE,MORALES,-6.512795,-79.938315,24,103
LAMBAYEQUE,LAMBAYEQUE,MORROPE,SAN FRANCISCO,-6.509473,-79.92593,18,103
LAMBAYEQUE,LAMBAYEQUE,OLMOS,BOCA CHICA,-5.732184,-79.844044,34,103
LAMBAYEQUE,CHICLAYO,REQUE,LAS CASUARINAS,-6.86633,-79.824652,30,101
LAMBAYEQUE,FERRE헤FE,MANUEL ANTONIO MESONES MURO,NERIO,-6.617943,-79.747018,26,101
LAMBAYEQUE,LAMBAYEQUE,MOTUPE,SANTA JULIA,-6.142097,-79.724185,28,101
LAMBAYEQUE,LAMBAYEQUE,OLMOS,HUALTACAL GRANDE,-5.800799,-79.864397,24,101
LAMBAYEQUE,LAMBAYEQUE,OLMOS,헤UPE SAN FRANCISCO,-5.586858,-79.92045,27,101
LAMBAYEQUE,CHICLAYO,LAGUNAS,PEROLES IV,-7.048697,-79.6975,26,100
LAMBAYEQUE,LAMBAYEQUE,ILLIMO,HUACA EL MUERTO,-6.470662,-79.893555,29,100
LAMBAYEQUE,LAMBAYEQUE,MORROPE,CRUCE CARACUCHO,-6.482228,-79.957317,23,100
LAMBAYEQUE,CHICLAYO,MONSEFU,AMOR DE DIOS,-6.882084,-79.859418,22,99
LAMBAYEQUE,LAMBAYEQUE,OLMOS,SAN FRANCISCO DE ESCUTE,-5.773974,-79.903042,23,99
LAMBAYEQUE,LAMBAYEQUE,OLMOS,CORAZON DE JESUS,-5.927062,-80.221922,26,99
LAMBAYEQUE,LAMBAYEQUE,SALAS,TEMPON ALTO,-6.266185,-79.634907,29,99
LAMBAYEQUE,CHICLAYO,CHONGOYAPE,OVERRAZAL,-6.598227,-79.380057,26,98
LAMBAYEQUE,LAMBAYEQUE,MOCHUMI,EL CEREZO,-6.550013,-79.82926,21,97
LAMBAYEQUE,LAMBAYEQUE,MORROPE,SAN CRISTOBAL,-6.500482,-79.922085,16,97
LAMBAYEQUE,FERRE헤FE,MANUEL ANTONIO MESONES MURO,LA PARED,-6.656452,-79.728587,22,96
LAMBAYEQUE,LAMBAYEQUE,OLMOS,CERRO TEODORO EL MILAGRO,-5.775068,-79.805927,20,96
LAMBAYEQUE,CHICLAYO,MONSEFU,EL TRANSITO,-6.852727,-79.829419,27,95
LAMBAYEQUE,LAMBAYEQUE,MOCHUMI,LOS PECHES,-6.545445,-79.89277,31,95
LAMBAYEQUE,LAMBAYEQUE,CHOCHOPE,ESPINAL (PIEDRA DE CAMPANA),-6.162555,-79.598135,28,94
LAMBAYEQUE,LAMBAYEQUE,MOCHUMI,MUY FINCA RAMA DIAZ,-6.562783,-79.881252,22,94
LAMBAYEQUE,LAMBAYEQUE,OLMOS,CERRO MOCAPE,-5.785123,-79.84226,28,94
LAMBAYEQUE,LAMBAYEQUE,MOTUPE,PALACIOS,-6.167255,-79.722695,18,93
LAMBAYEQUE,LAMBAYEQUE,OLMOS,EL PROGRESO BADEN,-5.667491,-79.881027,33,93
LAMBAYEQUE,LAMBAYEQUE,PACORA,SAN LUIS,-6.412813,-79.883322,29,93
LAMBAYEQUE,LAMBAYEQUE,MOCHUMI,MUY FINCA RAMA HEREDIA,-6.575665,-79.874482,29,92
LAMBAYEQUE,CHICLAYO,PICSI,RIO II,-6.723048,-79.82528,16,91
LAMBAYEQUE,FERRE헤FE,PITIPO,PUENTE DE PIEDRA,-6.477128,-79.67025,23,91
LAMBAYEQUE,LAMBAYEQUE,PACORA,NUEVO SAN LUIS,-6.439077,-79.927417,20,91
LAMBAYEQUE,FERRE헤FE,MANUEL ANTONIO MESONES MURO,CUATRO DE MAYO,-6.644195,-79.73591,24,90
LAMBAYEQUE,LAMBAYEQUE,ILLIMO,TORROMOTAL,-6.482455,-79.838117,20,90
LAMBAYEQUE,LAMBAYEQUE,OLMOS,LA TOMA DEL RIO,-5.978909,-79.704341,20,90
LAMBAYEQUE,LAMBAYEQUE,TUCUME,AGUINAGA,-6.494765,-79.899145,20,90
LAMBAYEQUE,LAMBAYEQUE,MOCHUMI,DIONICIO,-6.547995,-79.848732,24,89
LAMBAYEQUE,CHICLAYO,SA헤,CAMINOS DEL INCA,-6.899748,-79.5916,20,86
LAMBAYEQUE,CHICLAYO,CAYALTI,EL SAUCE,-6.88774,-79.456335,26,85
LAMBAYEQUE,LAMBAYEQUE,SAN JOSE,COLECTOR,-6.78553,-79.932382,21,85
LAMBAYEQUE,CHICLAYO,LAGUNAS,LAS VEGAS,-7.057982,-79.700482,22,84
LAMBAYEQUE,LAMBAYEQUE,MOTUPE,CHANDUVI,-6.089018,-79.70146,21,84
LAMBAYEQUE,FERRE헤FE,PITIPO,MAURO,-6.558122,-79.771067,27,83
LAMBAYEQUE,LAMBAYEQUE,CHOCHOPE,PARRANAL,-6.144692,-79.682723,28,83
LAMBAYEQUE,LAMBAYEQUE,MOCHUMI,CHOLOQUE,-6.541842,-79.838697,17,83
LAMBAYEQUE,LAMBAYEQUE,OLMOS,LAS POZAS,-5.948693,-80.297483,18,83
LAMBAYEQUE,LAMBAYEQUE,MOTUPE,LA ARENA,-6.107572,-79.653922,24,82
LAMBAYEQUE,CHICLAYO,MONSEFU,ALICAN GRANDE (ALICAN ALTO),-6.822068,-79.781246,19,80
LAMBAYEQUE,LAMBAYEQUE,LAMBAYEQUE,SIALUPE HUAMANTANGA LOS ANCAJIMAS,-6.608944,-79.857279,17,80
LAMBAYEQUE,LAMBAYEQUE,OLMOS,LA VICTORIA,-5.73286,-79.92722,21,80
LAMBAYEQUE,LAMBAYEQUE,OLMOS,OBERASAL,-5.896311,-79.914842,20,80
LAMBAYEQUE,CHICLAYO,PICSI,RIO I,-6.709758,-79.846433,21,79
LAMBAYEQUE,CHICLAYO,PICSI,SAN JUAN,-6.67507,-79.839758,17,79
LAMBAYEQUE,CHICLAYO,POMALCA,PAMPA DE AVIACION,-6.7965,-79.771779,24,79
LAMBAYEQUE,FERRE헤FE,PITIPO,MAGDALENA,-6.427845,-79.614628,23,79
LAMBAYEQUE,LAMBAYEQUE,OLMOS,SAN PABLO,-5.814352,-79.84017,19,79
LAMBAYEQUE,CHICLAYO,TUMAN,POTRERO (EL NARANJO),-6.746109,-79.684836,24,78
LAMBAYEQUE,LAMBAYEQUE,MOCHUMI,HUACA BALDERA,-6.553307,-79.873848,19,78
LAMBAYEQUE,LAMBAYEQUE,PACORA,SANTA ROSA LOS RELAICES,-6.442533,-79.740512,21,78
LAMBAYEQUE,CHICLAYO,CHONGOYAPE,CERRILLOS,-6.613193,-79.407408,19,77
LAMBAYEQUE,CHICLAYO,CHONGOYAPE,LOS ALGARROBOS,-6.679355,-79.45077,21,77
LAMBAYEQUE,CHICLAYO,REQUE,MAGNAL,-6.868382,-79.822813,18,77
LAMBAYEQUE,LAMBAYEQUE,OLMOS,VILU헤,-5.869159,-79.819157,26,77
LAMBAYEQUE,LAMBAYEQUE,MOCHUMI,HUACA RELOJ,-6.547552,-79.827452,20,76
LAMBAYEQUE,LAMBAYEQUE,OLMOS,TIERRA RAJADA HUACRUPE,-5.773298,-79.947002,19,76
LAMBAYEQUE,LAMBAYEQUE,PACORA,LOS VIDAURRES,-6.434433,-79.844432,16,76
LAMBAYEQUE,LAMBAYEQUE,SALAS,LA TRANCA,-6.32017,-79.692707,29,76
LAMBAYEQUE,LAMBAYEQUE,OLMOS,LA ORCHILLA,-6.087624,-79.834394,19,74
LAMBAYEQUE,LAMBAYEQUE,PACORA,LAS JUNTAS ALTA,-6.447158,-79.860987,24,74
LAMBAYEQUE,CHICLAYO,TUMAN,SANTE헲,-6.76745,-79.685221,27,72
LAMBAYEQUE,FERRE헤FE,PITIPO,JAYANQUILLO,-6.456275,-79.615955,19,72
LAMBAYEQUE,FERRE헤FE,MANUEL ANTONIO MESONES MURO,LUZFAQUE,-6.60739,-79.748875,22,71
LAMBAYEQUE,LAMBAYEQUE,MOTUPE,LOS PAREDONES,-6.073942,-79.680539,15,71
LAMBAYEQUE,LAMBAYEQUE,OLMOS,CUTIRRAPE,-6.123,-79.906613,22,71
LAMBAYEQUE,LAMBAYEQUE,JAYANCA,EL LIMONAR,-6.24366,-79.89715,15,70
LAMBAYEQUE,LAMBAYEQUE,OLMOS,LAGUNA LOS BENITES,-5.846849,-79.847082,18,70
LAMBAYEQUE,LAMBAYEQUE,PACORA,LOS VENTURA,-6.434172,-79.855263,18,70
LAMBAYEQUE,CHICLAYO,MONSEFU,LOS BALLENAS,-6.844977,-79.845303,17,69
LAMBAYEQUE,FERRE헤FE,MANUEL ANTONIO MESONES MURO,FALA FALITA,-6.67889,-79.706633,21,69
LAMBAYEQUE,LAMBAYEQUE,LAMBAYEQUE,SIALUPE HUAMANTANGA LOS LLONTOP,-6.629185,-79.887858,13,69
LAMBAYEQUE,LAMBAYEQUE,TUCUME,SAN LUIS,-6.501141,-79.825622,11,69
LAMBAYEQUE,CHICLAYO,CHONGOYAPE,SAN MARTIN,-6.687668,-79.467187,21,68
LAMBAYEQUE,CHICLAYO,MONSEFU,LOS COLCHONES,-6.831782,-79.817586,15,68
LAMBAYEQUE,FERRE헤FE,PITIPO,MIGUEL GRAU,-6.560773,-79.77724,22,68
LAMBAYEQUE,LAMBAYEQUE,MOTUPE,SANTA ELVIRA,-6.080495,-79.699612,19,67
LAMBAYEQUE,FERRE헤FE,PITIPO,SANTA ROSA DE CHAPARRY,-6.507343,-79.596095,24,66
LAMBAYEQUE,LAMBAYEQUE,ILLIMO,HUACA DE RICO,-6.46847,-79.860582,20,66
LAMBAYEQUE,FERRE헤FE,PITIPO,COMEGEN,-6.468387,-79.627222,17,65
LAMBAYEQUE,FERRE헤FE,PITIPO,LENTEJAL,-6.481788,-79.693228,22,65
LAMBAYEQUE,LAMBAYEQUE,OLMOS,PA헤LA,-6.153565,-79.921833,13,65
LAMBAYEQUE,LAMBAYEQUE,OLMOS,EL RETIRO,-5.895303,-79.865717,14,65
LAMBAYEQUE,LAMBAYEQUE,PACORA,SAN JUAN BAUTISTA,-6.459152,-79.820605,17,63
LAMBAYEQUE,LAMBAYEQUE,TUCUME,LOPEZ,-6.512078,-79.83271,19,63
LAMBAYEQUE,LAMBAYEQUE,TUCUME,EL HORNO,-6.513417,-79.896892,14,63
LAMBAYEQUE,CHICLAYO,PICSI,EL MANGO,-6.705823,-79.788555,15,62
LAMBAYEQUE,CHICLAYO,POMALCA,RAMA CUSTODIO(DESAGUADERO),-6.829121,-79.801343,16,62
LAMBAYEQUE,LAMBAYEQUE,JAYANCA,LA REPRESA - LAUREL,-6.38893,-79.750803,17,62
LAMBAYEQUE,CHICLAYO,TUMAN,PUENTE HERMOSA (CAMPO ALIAGA),-6.728303,-79.70102,16,61
LAMBAYEQUE,LAMBAYEQUE,OLMOS,TIERRA RAJADA 2,-5.762098,-79.959622,11,61
LAMBAYEQUE,FERRE헤FE,PITIPO,CALUPE,-6.473078,-79.73624,15,59
LAMBAYEQUE,CHICLAYO,MONSEFU,SANTA RITA,-6.860852,-79.848039,17,58
LAMBAYEQUE,FERRE헤FE,MANUEL ANTONIO MESONES MURO,CAMPO DE CRIA,-6.619188,-79.736087,18,58
LAMBAYEQUE,FERRE헤FE,PITIPO,ALAMO,-6.549568,-79.786192,16,58
LAMBAYEQUE,LAMBAYEQUE,JAYANCA,EL ZAPOTAL,-6.369067,-79.74849,16,58
LAMBAYEQUE,LAMBAYEQUE,PACORA,LAS DELICIAS,-6.43706,-79.846152,17,58
LAMBAYEQUE,CHICLAYO,LAGUNAS,SAN LUIS,-7.063698,-79.701095,13,57
LAMBAYEQUE,CHICLAYO,MONSEFU,SAN ISIDRO,-6.853044,-79.836228,14,56
LAMBAYEQUE,FERRE헤FE,PITIPO,CAMPANA B,-6.469498,-79.654075,15,56
LAMBAYEQUE,CHICLAYO,MONSEFU,MONTE VERDE,-6.880614,-79.899385,19,55
LAMBAYEQUE,FERRE헤FE,INCAHUASI,EL PALTO,-6.382235,-79.489647,16,55
LAMBAYEQUE,LAMBAYEQUE,MOCHUMI,PUENTE GARCIA,-6.534727,-79.865783,14,55
LAMBAYEQUE,CHICLAYO,PICSI,EL MEDANO,-6.685788,-79.753165,14,54
LAMBAYEQUE,CHICLAYO,PUCALA,CERRO LA ABEJA,-6.818713,-79.539067,16,54
LAMBAYEQUE,FERRE헤FE,PITIPO,JABONERO,-6.572663,-79.781063,19,54
LAMBAYEQUE,LAMBAYEQUE,OLMOS,SENQUELO CAUTIVO,-5.766806,-79.805437,12,54
LAMBAYEQUE,LAMBAYEQUE,PACORA,LA CIRILA,-6.461607,-79.834372,19,54
LAMBAYEQUE,CHICLAYO,LAGUNAS,MONTE CRUZ,-7.052863,-79.710932,14,52
LAMBAYEQUE,FERRE헤FE,PITIPO,SENCIE,-6.584185,-79.751652,14,52
LAMBAYEQUE,LAMBAYEQUE,OLMOS,SANTA MARIA DEL NORTE,-5.642175,-79.884203,17,52
LAMBAYEQUE,CHICLAYO,PICSI,CARTAGENA,-6.690102,-79.847292,12,51
LAMBAYEQUE,LAMBAYEQUE,JAYANCA,PUNTO DIAMANTE,-6.379735,-79.820253,16,51
LAMBAYEQUE,LAMBAYEQUE,OLMOS,SAN ISIDRO,-5.750473,-80.06781,15,50
LAMBAYEQUE,FERRE헤FE,MANUEL ANTONIO MESONES MURO,PEDRO VERA CASIANO,-6.646517,-79.73572,12,49
LAMBAYEQUE,LAMBAYEQUE,OLMOS,ALTO DE ROQUE LOS SANCHEZ,-5.961851,-80.278024,12,49
LAMBAYEQUE,LAMBAYEQUE,PACORA,MATRIZ COMUNIDAD NORTE,-6.439437,-79.817028,15,49
LAMBAYEQUE,CHICLAYO,PICSI,PANCAL,-6.691273,-79.846827,11,48
LAMBAYEQUE,CHICLAYO,TUMAN,NUEVO MEXICO,-6.768265,-79.691888,11,48
LAMBAYEQUE,LAMBAYEQUE,JAYANCA,EL MIRADOR,-6.36544,-79.792758,16,48
LAMBAYEQUE,LAMBAYEQUE,OLMOS,HUACRUPE,-5.791407,-79.930795,9,48
LAMBAYEQUE,CHICLAYO,MONSEFU,DESAGUADERO,-6.854107,-79.833894,11,47
LAMBAYEQUE,FERRE헤FE,PITIPO,SAN JUAN,-6.4254,-79.610588,16,47
LAMBAYEQUE,LAMBAYEQUE,ILLIMO,LA GUITARRA,-6.47179,-79.889215,11,47
LAMBAYEQUE,CHICLAYO,SA헤,LAS TRES COMPUERTAS,-6.942441,-79.555338,12,45
LAMBAYEQUE,FERRE헤FE,MANUEL ANTONIO MESONES MURO,LIMON ALTO,-6.632923,-79.737543,12,45
LAMBAYEQUE,FERRE헤FE,PUEBLO NUEVO,LOS SANTIESTEBAN,-6.602998,-79.855917,13,45
LAMBAYEQUE,LAMBAYEQUE,JAYANCA,FLOR DEL PARAISO,-6.384539,-79.826751,12,45
LAMBAYEQUE,LAMBAYEQUE,MOTUPE,EL AEROPUERTO,-6.088395,-79.70257,11,45
LAMBAYEQUE,LAMBAYEQUE,OLMOS,VEGA DEL PADRE SANTA ROSA,-5.764934,-79.997318,13,45
LAMBAYEQUE,LAMBAYEQUE,OLMOS,CRUZ DE CHALPON,-5.911178,-80.231666,7,45
LAMBAYEQUE,CHICLAYO,SA헤,NUEVO COLLIQUE,-6.833973,-79.588542,14,44
LAMBAYEQUE,LAMBAYEQUE,OLMOS,EL PARAISO,-5.649807,-79.884725,19,44
LAMBAYEQUE,LAMBAYEQUE,OLMOS,EL MANGO,-5.723269,-79.920131,13,44
LAMBAYEQUE,FERRE헤FE,MANUEL ANTONIO MESONES MURO,SERQUEN,-6.59495,-79.74837,11,43
LAMBAYEQUE,LAMBAYEQUE,OLMOS,PAMPA LA ROSA,-5.648843,-79.861109,8,43
LAMBAYEQUE,LAMBAYEQUE,TUCUME,NANCOLAM,-6.521435,-79.857055,9,43
LAMBAYEQUE,CHICLAYO,OYOTUN,BEBEDEROS,-6.80447,-79.297753,14,42
LAMBAYEQUE,CHICLAYO,PICSI,COLLOSI,-6.737072,-79.811867,13,42
LAMBAYEQUE,CHICLAYO,SA헤,NAYLAMP,-6.904688,-79.597165,12,42
LAMBAYEQUE,CHICLAYO,TUMAN,EL CARMEN,-6.70869,-79.674465,9,42
LAMBAYEQUE,FERRE헤FE,PUEBLO NUEVO,CARPA HUAMANTANGA,-6.647805,-79.847303,12,42
LAMBAYEQUE,LAMBAYEQUE,JAYANCA,LA CORALIZA,-6.387145,-79.825642,12,42
LAMBAYEQUE,LAMBAYEQUE,OLMOS,CALERA SANTA ISABEL,-5.829521,-79.898607,14,42
LAMBAYEQUE,CHICLAYO,MONSEFU,RAMA YAIPEN,-6.850262,-79.830218,11,41
LAMBAYEQUE,CHICLAYO,MONSEFU,LA RELUZ,-6.866942,-79.884125,7,40
LAMBAYEQUE,CHICLAYO,REQUE,CUSTODIO,-6.857625,-79.807193,12,40
LAMBAYEQUE,CHICLAYO,PUCALA,HUACA CHINA,-6.774143,-79.582543,13,40
LAMBAYEQUE,FERRE헤FE,MANUEL ANTONIO MESONES MURO,LA CHOCOLA,-6.62879,-79.749918,12,40
LAMBAYEQUE,CHICLAYO,PICSI,LA GARITA,-6.738077,-79.801702,10,39
LAMBAYEQUE,CHICLAYO,PATAPO,PUENTE ONCE,-6.730592,-79.61552,11,39
LAMBAYEQUE,CHICLAYO,SA헤,BARRIO NUEVO,-6.944262,-79.59496,8,38
LAMBAYEQUE,CHICLAYO,PATAPO,LA PLANTA,-6.748002,-79.56984,11,38
LAMBAYEQUE,CHICLAYO,PUCALA,CABALLO BLANCO ALTO,-6.784675,-79.540913,15,38
LAMBAYEQUE,CHICLAYO,PUCALA,SAN ANTONIO,-6.8029,-79.543476,9,38
LAMBAYEQUE,FERRE헤FE,MANUEL ANTONIO MESONES MURO,HUAYAQUIL,-6.632797,-79.746872,9,38
LAMBAYEQUE,LAMBAYEQUE,LAMBAYEQUE,LOS VILCHEZ,-6.631447,-79.862593,10,38
LAMBAYEQUE,LAMBAYEQUE,CHOCHOPE,CAIHUA,-6.14537,-79.670575,10,38
LAMBAYEQUE,FERRE헤FE,FERRE헤FE,TOTORAL,-6.641205,-79.776587,7,37
LAMBAYEQUE,LAMBAYEQUE,OLMOS,CENIZO,-5.791753,-80.146378,9,37
LAMBAYEQUE,LAMBAYEQUE,OLMOS,LA FLORIDA,-5.73534,-79.997986,7,37
LAMBAYEQUE,CHICLAYO,MONSEFU,PUNTA CUSUPE,-6.885351,-79.858405,9,36
LAMBAYEQUE,CHICLAYO,NUEVA ARICA,DOS CORRALES,-6.877873,-79.366007,13,36
LAMBAYEQUE,CHICLAYO,REQUE,RAMA REPEPTOR 2,-6.879487,-79.822493,8,36
LAMBAYEQUE,CHICLAYO,POMALCA,COLON,-6.778579,-79.756458,12,36
LAMBAYEQUE,LAMBAYEQUE,CHOCHOPE,CHAUPIACO,-6.159848,-79.583153,10,36
LAMBAYEQUE,LAMBAYEQUE,OLMOS,CAPILLA DE 헤UPE,-5.616943,-79.888442,13,36
LAMBAYEQUE,CHICLAYO,PUCALA,NUEVA INMACULADA,-6.78566,-79.600907,9,35
LAMBAYEQUE,FERRE헤FE,MANUEL ANTONIO MESONES MURO,LA JUANITA,-6.684368,-79.75374,11,35
LAMBAYEQUE,CHICLAYO,CHONGOYAPE,CRUCE DE TABLAZOS,-6.687108,-79.453895,9,34
LAMBAYEQUE,CHICLAYO,SA헤,LA PARRA,-6.959958,-79.572396,7,34
LAMBAYEQUE,CHICLAYO,TUMAN,EL MILAGRO,-6.790421,-79.700273,10,34
LAMBAYEQUE,LAMBAYEQUE,PACORA,LA VICTORIA,-6.409695,-79.855858,9,34
LAMBAYEQUE,CHICLAYO,PUCALA,PUENTE COLGANTE,-6.75593,-79.538782,12,33
LAMBAYEQUE,FERRE헤FE,PITIPO,EL ESPINO,-6.56631,-79.77069,10,33
LAMBAYEQUE,LAMBAYEQUE,OLMOS,SE헲R CAUTIVO,-5.590932,-79.909773,11,33
LAMBAYEQUE,LAMBAYEQUE,OLMOS,CERRO LA CUAJADA,-5.760845,-79.820404,10,33
LAMBAYEQUE,CHICLAYO,SA헤,SALITRAL,-6.926773,-79.571526,7,32
LAMBAYEQUE,FERRE헤FE,PUEBLO NUEVO,FALA RONDAN,-6.65879,-79.83611,8,32
LAMBAYEQUE,LAMBAYEQUE,ILLIMO,LATINA,-6.480153,-79.855067,7,32
LAMBAYEQUE,CHICLAYO,MONSEFU,TUMPON,-6.856872,-79.84035,5,31
LAMBAYEQUE,CHICLAYO,OYOTUN,EL SEIS,-6.809653,-79.21591,14,31
LAMBAYEQUE,CHICLAYO,CAYALTI,BARRIO ALTOS,-6.884012,-79.577988,12,31
LAMBAYEQUE,CHICLAYO,PATAPO,LA VALLE,-6.736573,-79.665582,12,31
LAMBAYEQUE,CHICLAYO,POMALCA,COFRADIA,-6.749722,-79.798537,13,31
LAMBAYEQUE,FERRE헤FE,PITIPO,SAN MARTIN,-6.469923,-79.639162,10,31
LAMBAYEQUE,LAMBAYEQUE,OLMOS,LA HUACA,-5.978296,-79.746957,10,31
LAMBAYEQUE,CHICLAYO,NUEVA ARICA,SALDA헤 BAJO,-6.895315,-79.450958,9,30
LAMBAYEQUE,LAMBAYEQUE,OLMOS,GIGANTE,-5.70946,-79.971831,8,30
LAMBAYEQUE,CHICLAYO,MONSEFU,PUNTA POMA ROSA,-6.872639,-79.885477,7,29
LAMBAYEQUE,CHICLAYO,MONSEFU,SAN RAFAEL,-6.855766,-79.838976,7,29
LAMBAYEQUE,CHICLAYO,SA헤,EL PORVENIR BAJO,-6.944875,-79.563445,6,29
LAMBAYEQUE,LAMBAYEQUE,JAYANCA,MILAGRO DE DIOS,-6.321986,-79.747769,13,29
LAMBAYEQUE,FERRE헤FE,MANUEL ANTONIO MESONES MURO,GUANABAL,-6.632768,-79.743445,6,28
LAMBAYEQUE,LAMBAYEQUE,LAMBAYEQUE,"SIALUPE HUAMANTANGA, SECTOR PUNTO NUEVE",-6.62586,-79.88668,6,28
LAMBAYEQUE,LAMBAYEQUE,MOCHUMI,MUY FINCA RAMA LIMON,-6.567945,-79.914442,10,28
LAMBAYEQUE,LAMBAYEQUE,PACORA,EL HUAVO,-6.419628,-79.851175,7,28
LAMBAYEQUE,CHICLAYO,PUCALA,SANTA ROSA,-6.773822,-79.621803,11,27
LAMBAYEQUE,FERRE헤FE,MANUEL ANTONIO MESONES MURO,LUCUMO,-6.629963,-79.744382,8,27
LAMBAYEQUE,FERRE헤FE,MANUEL ANTONIO MESONES MURO,EL GUAYABO,-6.629253,-79.751065,8,27
LAMBAYEQUE,CHICLAYO,PATAPO,LA CONCORDIA,-6.734425,-79.65121,7,26
LAMBAYEQUE,FERRE헤FE,FERRE헤FE,RAMA SERQUEN,-6.595205,-79.771857,7,26
LAMBAYEQUE,CHICLAYO,SA헤,LA NUEVA ESPERANZA,-6.976363,-79.57885,7,25
LAMBAYEQUE,CHICLAYO,PUCALA,SAN ROQUE,-6.756603,-79.558555,5,25
LAMBAYEQUE,CHICLAYO,TUMAN,CRUCE EL MILAGRO,-6.79984,-79.704832,10,25
LAMBAYEQUE,CHICLAYO,PICSI,MORROPILLO,-6.687233,-79.758133,9,24
LAMBAYEQUE,CHICLAYO,CAYALTI,MATA INDIO,-6.927277,-79.543042,9,24
LAMBAYEQUE,CHICLAYO,PUCALA,TABERNAS,-6.756717,-79.58797,7,24
LAMBAYEQUE,CHICLAYO,TUMAN,COMBO VIEJO,-6.762005,-79.723632,10,24
LAMBAYEQUE,FERRE헤FE,FERRE헤FE,SACALAGUA,-6.598669,-79.769797,5,24
LAMBAYEQUE,LAMBAYEQUE,LAMBAYEQUE,LAS FLORES,-6.656237,-79.84081,5,24
LAMBAYEQUE,LAMBAYEQUE,OLMOS,SAN JOSE,-5.74009,-80.04411,7,24
LAMBAYEQUE,CHICLAYO,CAYALTI,CERRO LEON,-6.876207,-79.56208,6,23
LAMBAYEQUE,CHICLAYO,TUMAN,SANTA TERESITA,-6.793952,-79.690004,8,23
LAMBAYEQUE,FERRE헤FE,INCAHUASI,LA CALERA,-6.399532,-79.519302,8,23
LAMBAYEQUE,FERRE헤FE,MANUEL ANTONIO MESONES MURO,ARMOLIN,-6.62757,-79.756585,9,23
LAMBAYEQUE,FERRE헤FE,PITIPO,CENDER,-6.551185,-79.777902,7,23
LAMBAYEQUE,CHICLAYO,SA헤,LIMON,-6.95269,-79.576661,4,22
LAMBAYEQUE,FERRE헤FE,MANUEL ANTONIO MESONES MURO,LA NIEVE (NIEVES),-6.62292,-79.738045,10,22
LAMBAYEQUE,LAMBAYEQUE,OLMOS,NUEVO SAN JOSE,-5.705807,-80.078648,9,22
LAMBAYEQUE,CHICLAYO,MONSEFU,EL CARRIZAL,-6.862496,-79.859945,5,21
LAMBAYEQUE,FERRE헤FE,MANUEL ANTONIO MESONES MURO,EL CARRIZO,-6.65586,-79.724635,7,21
LAMBAYEQUE,LAMBAYEQUE,OLMOS,ABRA HUACRUPE,-5.846683,-79.947105,6,20
LAMBAYEQUE,CHICLAYO,CHONGOYAPE,LOS PALTOS,-6.690003,-79.447663,7,19
LAMBAYEQUE,LAMBAYEQUE,OLMOS,CORRAL DE PIEDRA,-5.868309,-80.038829,5,19
LAMBAYEQUE,LAMBAYEQUE,OLMOS,헤UPE SAN LORENZO,-5.590805,-79.911615,7,19
LAMBAYEQUE,LAMBAYEQUE,PACORA,SAN PABLO,-6.397972,-79.876782,5,19
LAMBAYEQUE,CHICLAYO,MONSEFU,VENTARRONES,-6.86484,-79.899732,4,18
LAMBAYEQUE,FERRE헤FE,FERRE헤FE,SAN JACINTO,-6.588797,-79.796663,4,18
LAMBAYEQUE,LAMBAYEQUE,LAMBAYEQUE,MUYFINCA PUNTO NUEVE RAMA (EL ADOBE),-6.643937,-79.919751,2,18
LAMBAYEQUE,LAMBAYEQUE,MOTUPE,CERRO REQUE QUINA QUINA,-6.24251,-79.693162,6,18
LAMBAYEQUE,LAMBAYEQUE,OLMOS,HUALTACAL CORAZON DE JESUS,-5.821321,-79.879404,14,18
LAMBAYEQUE,LAMBAYEQUE,OLMOS,BARRIO NUEVO LAS MERCEDES,-5.792897,-80.029029,5,18
LAMBAYEQUE,CHICLAYO,MONSEFU,RAMA EL PALMO,-6.888388,-79.853416,4,17
LAMBAYEQUE,FERRE헤FE,MANUEL ANTONIO MESONES MURO,LA CHAVARRIA,-6.624285,-79.741337,5,17
LAMBAYEQUE,FERRE헤FE,MANUEL ANTONIO MESONES MURO,LA QUEZADA,-6.627123,-79.747237,4,17
LAMBAYEQUE,LAMBAYEQUE,LAMBAYEQUE,CAPILLA SANTA ROSA,-6.63204,-79.90593,3,17
LAMBAYEQUE,LAMBAYEQUE,OLMOS,VEGA DE MONTEVERDE,-5.681653,-80.182501,4,17
